1,,Sat. October 6 vs Ottawa,
3,Wed. October 3 vs Montreal,,
5,,Mon. October 29 vs Calgary,
11,Thurs. October 18 vs Pittsburgh,,
12,Mon. October 15 vs Los Angeles,,
21,,Sat. October 20 vs St. Louis,
23,Sat. October 6 vs Ottawa,,
24,,Thurs. October 18 vs Pittsburgh,
26,,,Thurs. October 18 vs Pittsburgh
27,Wed. October 3 vs Montreal,,
35,Sat. October 6 vs Ottawa,,
36,,Sat. October 20 vs St. Louis,
40,Sat. October 20 vs St. Louis,,
41,Thurs. October 18 vs Pittsburgh,,
43,,,Mon. October 29 vs Calgary
44,Thurs. November 1 vs Dallas,,
48,Thurs. November 1 vs Dallas,,
52,,Mon. October 29 vs Calgary,
49,,,Mon. October 15 vs Los Angeles
51,Mon. October 15 vs Los Angeles,,
56,Sat. October 20 vs St. Louis,,
57,,Sat. October 20 vs St. Louis,
58,Thurs. November 1 vs Dallas,,
60,,,Mon. October 29 vs Calgary
59,Sat. October 20 vs St. Louis,,
62,Sat. October 6 vs Ottawa,,
63,Sat. October 27 vs Winnipeg,,
69,,Mon. October 15 vs Los Angeles,
71,,Sat. October 27 vs Winnipeg,
72,Sat. October 20 vs St. Louis,,
73,Sat. October 6 vs Ottawa,,
82,,Thurs. October 18 vs Pittsburgh,
84,,Mon. October 29 vs Calgary,
87,,Mon. October 15 vs Los Angeles,
90,Wed. October 3 vs Montreal,,
92,Sat. October 27 vs Winnipeg,,
93,Wed. October 3 vs Montreal,,
94,,Mon. October 15 vs Los Angeles,
96,,,Thurs. November 1 vs Dallas
105,Mon. October 29 vs Calgary,,
102,,Sat. October 20 vs St. Louis,
109,,Thurs. October 18 vs Pittsburgh,
107,Sat. October 27 vs Winnipeg,,
112,Sat. October 27 vs Winnipeg,,
116,,Thurs. November 1 vs Dallas,
117,,Sat. October 6 vs Ottawa,
119,Thurs. November 1 vs Dallas,,
120,Sat. October 27 vs Winnipeg,,
122,Sat. October 6 vs Ottawa,,
123,Wed. October 3 vs Montreal,,
125,Wed. October 3 vs Montreal,,
128,Mon. October 29 vs Calgary,,
131,Thurs. November 1 vs Dallas,,
133,,Sat. October 27 vs Winnipeg,
136,Wed. October 3 vs Montreal,,
137,Sat. October 6 vs Ottawa,,
138,,Mon. October 29 vs Calgary,
139,,Sat. October 27 vs Winnipeg,
142,Mon. October 15 vs Los Angeles,,
144,Sat. October 27 vs Winnipeg,,
143,Wed. October 3 vs Montreal,,
145,,Sat. October 27 vs Winnipeg,
146,Wed. October 3 vs Montreal,,
156,,Sat. October 6 vs Ottawa,
150,,Thurs. November 1 vs Dallas,
149,Thurs. October 18 vs Pittsburgh,,
152,Sat. October 6 vs Ottawa,,
153,Wed. October 3 vs Montreal,,
154,,Mon. October 15 vs Los Angeles,
158,Sat. October 6 vs Ottawa,,
159,,,Thurs. November 1 vs Dallas
160,Sat. October 27 vs Winnipeg,,
163,,Thurs. November 1 vs Dallas,
166,,Mon. October 29 vs Calgary,
171,,Sat. October 20 vs St. Louis,
172,Sat. October 27 vs Winnipeg,,
173,,Sat. October 6 vs Ottawa,
178,,Thurs. October 18 vs Pittsburgh,
183,,Sat. October 6 vs Ottawa,
184,Thurs. October 18 vs Pittsburgh,,
189,Sat. October 20 vs St. Louis,,
194,Sat. October 6 vs Ottawa,,
199,,Sat. October 20 vs St. Louis,
204,,Thurs. November 1 vs Dallas,
206,Sat. October 20 vs St. Louis,,
207,,Sat. October 20 vs St. Louis,
209,,Mon. October 29 vs Calgary,
208,,Mon. October 29 vs Calgary,
210,Wed. October 3 vs Montreal,,
211,,Thurs. October 18 vs Pittsburgh,
214,Wed. October 3 vs Montreal,,
216,Sat. October 6 vs Ottawa,,
217,,Thurs. October 18 vs Pittsburgh,
218,Thurs. October 18 vs Pittsburgh,,
220,Wed. October 3 vs Montreal,,
222,Sat. October 27 vs Winnipeg,,
223,,Sat. October 20 vs St. Louis,
226,Sat. October 20 vs St. Louis,,
229,,,Thurs. November 1 vs Dallas
228,,,Mon. October 15 vs Los Angeles
227,Sat. October 27 vs Winnipeg,,
225,Sat. October 27 vs Winnipeg,,
230,Wed. October 3 vs Montreal,,
232,,Thurs. October 18 vs Pittsburgh,
233,,Thurs. October 18 vs Pittsburgh,
234,Sat. October 27 vs Winnipeg,,
242,Sat. October 6 vs Ottawa,,
239,,Mon. October 29 vs Calgary,
240,Sat. October 20 vs St. Louis,,
237,Wed. October 3 vs Montreal,,
241,Sat. October 27 vs Winnipeg,,
244,,Mon. October 29 vs Calgary,
245,,Mon. October 29 vs Calgary,
251,,Sat. October 6 vs Ottawa,
255,Thurs. October 18 vs Pittsburgh,,
186,Mon. October 29 vs Calgary,,
34,Mon. October 29 vs Calgary,,
46,Thurs. November 1 vs Dallas,,
586,Sat. October 20 vs St. Louis,,
76,Thurs. October 18 vs Pittsburgh,,
88,Wed. October 3 vs Montreal,,
124,Thurs. November 1 vs Dallas,,
590,Wed. October 3 vs Montreal,,
591,Thurs. October 18 vs Pittsburgh,,
17,Mon. October 15 vs Los Angeles,,
164,Thurs. November 1 vs Dallas,,
97,Mon. October 15 vs Los Angeles,,
