1,Wed. October 3 vs Montreal,Sat. October 6 vs Ottawa,Sat. October 20 vs St. Louis
2,Wed. October 3 vs Montreal,,
3,Sat. October 27 vs Winnipeg,Mon. October 29 vs Calgary,
4,Thurs. October 18 vs Pittsburgh,Wed. October 3 vs Montreal,Sat. October 27 vs Winnipeg
5,Mon. October 15 vs Los Angeles,Thurs. October 18 vs Pittsburgh,Sat. October 27 vs Winnipeg
6,Thurs. October 18 vs Pittsburgh,Sat. October 20 vs St. Louis,Mon. October 15 vs Los Angeles
7,Sat. October 6 vs Ottawa,Sat. October 27 vs Winnipeg,Wed. October 3 vs Montreal
8,Wed. October 3 vs Montreal,Thurs. October 18 vs Pittsburgh,
9,Wed. October 3 vs Montreal,Sat. October 27 vs Winnipeg,Thurs. October 18 vs Pittsburgh
10,Wed. October 3 vs Montreal,Sat. October 27 vs Winnipeg,
11,Sat. October 6 vs Ottawa,Sat. October 27 vs Winnipeg,Sat. October 20 vs St. Louis
12,Sat. October 27 vs Winnipeg,Sat. October 20 vs St. Louis,Mon. October 29 vs Calgary
13,Sat. October 20 vs St. Louis,Sat. October 27 vs Winnipeg,Thurs. November 1 vs Dallas
14,Thurs. October 18 vs Pittsburgh,Wed. October 3 vs Montreal,Mon. October 15 vs Los Angeles
15,Wed. October 3 vs Montreal,Sat. October 6 vs Ottawa,Mon. October 29 vs Calgary
16,Thurs. November 1 vs Dallas,Sat. October 27 vs Winnipeg,
17,Thurs. November 1 vs Dallas,,
18,Sat. October 27 vs Winnipeg,Mon. October 29 vs Calgary,
19,Sat. October 20 vs St. Louis,Sat. October 27 vs Winnipeg,Mon. October 15 vs Los Angeles
20,Mon. October 15 vs Los Angeles,Sat. October 27 vs Winnipeg,
21,Sat. October 20 vs St. Louis,Thurs. October 18 vs Pittsburgh,Mon. October 15 vs Los Angeles
22,Wed. October 3 vs Montreal,Sat. October 20 vs St. Louis,Sat. October 27 vs Winnipeg
23,Thurs. November 1 vs Dallas,Thurs. October 18 vs Pittsburgh,Sat. October 27 vs Winnipeg
24,Wed. October 3 vs Montreal,Thurs. October 18 vs Pittsburgh,Mon. October 29 vs Calgary
25,Sat. October 20 vs St. Louis,,
26,Sat. October 6 vs Ottawa,Sat. October 20 vs St. Louis,Thurs. November 1 vs Dallas
27,Sat. October 27 vs Winnipeg,Wed. October 3 vs Montreal,Thurs. October 18 vs Pittsburgh
28,Wed. October 3 vs Montreal,Mon. October 15 vs Los Angeles,Mon. October 29 vs Calgary
29,Wed. October 3 vs Montreal,Sat. October 27 vs Winnipeg,Sat. October 20 vs St. Louis
30,Sat. October 20 vs St. Louis,Sat. October 27 vs Winnipeg,
31,Sat. October 6 vs Ottawa,Sat. October 27 vs Winnipeg,Sat. October 20 vs St. Louis
32,Wed. October 3 vs Montreal,Thurs. October 18 vs Pittsburgh,Sat. October 27 vs Winnipeg
33,Thurs. October 18 vs Pittsburgh,Mon. October 29 vs Calgary,
34,Sat. October 27 vs Winnipeg,Mon. October 15 vs Los Angeles,
35,Wed. October 3 vs Montreal,,
36,Sat. October 27 vs Winnipeg,Sat. October 20 vs St. Louis,Thurs. October 18 vs Pittsburgh
37,Wed. October 3 vs Montreal,Sat. October 20 vs St. Louis,Thurs. October 18 vs Pittsburgh
38,Sat. October 27 vs Winnipeg,Mon. October 15 vs Los Angeles,Mon. October 29 vs Calgary
39,Wed. October 3 vs Montreal,Thurs. October 18 vs Pittsburgh,Thurs. November 1 vs Dallas
40,Mon. October 29 vs Calgary,Thurs. October 18 vs Pittsburgh,Thurs. November 1 vs Dallas
41,Sat. October 27 vs Winnipeg,Sat. October 20 vs St. Louis,Thurs. November 1 vs Dallas
42,Wed. October 3 vs Montreal,Thurs. October 18 vs Pittsburgh,Sat. October 20 vs St. Louis
43,Sat. October 27 vs Winnipeg,Sat. October 20 vs St. Louis,
44,Sat. October 27 vs Winnipeg,Wed. October 3 vs Montreal,
45,Thurs. October 18 vs Pittsburgh,Thurs. November 1 vs Dallas,
46,Wed. October 3 vs Montreal,Sat. October 6 vs Ottawa,Sat. October 27 vs Winnipeg
47,Thurs. November 1 vs Dallas,Thurs. October 18 vs Pittsburgh,
48,Sat. October 27 vs Winnipeg,Sat. October 20 vs St. Louis,Thurs. October 18 vs Pittsburgh
49,Sat. October 6 vs Ottawa,,
50,Wed. October 3 vs Montreal,Sat. October 27 vs Winnipeg,
51,Wed. October 3 vs Montreal,Thurs. October 18 vs Pittsburgh,Thurs. October 18 vs Pittsburgh
52,Mon. October 29 vs Calgary,Thurs. October 18 vs Pittsburgh,Wed. October 3 vs Montreal
53,Thurs. November 1 vs Dallas,Thurs. October 18 vs Pittsburgh,
54,Wed. October 3 vs Montreal,Sat. October 27 vs Winnipeg,Thurs. October 18 vs Pittsburgh
55,Wed. October 3 vs Montreal,Sat. October 6 vs Ottawa,Thurs. October 18 vs Pittsburgh
56,Sat. October 6 vs Ottawa,Thurs. October 18 vs Pittsburgh,Thurs. November 1 vs Dallas
57,Thurs. October 18 vs Pittsburgh,Mon. October 29 vs Calgary,
58,Wed. October 3 vs Montreal,Sat. October 27 vs Winnipeg,Sat. October 20 vs St. Louis
59,Mon. October 15 vs Los Angeles,Thurs. November 1 vs Dallas,Thurs. October 18 vs Pittsburgh
60,Sat. October 27 vs Winnipeg,Thurs. October 18 vs Pittsburgh,Sat. October 6 vs Ottawa
61,Wed. October 3 vs Montreal,,
62,Wed. October 3 vs Montreal,Sat. October 27 vs Winnipeg,Thurs. October 18 vs Pittsburgh
63,Wed. October 3 vs Montreal,Sat. October 6 vs Ottawa,Thurs. October 18 vs Pittsburgh
64,Wed. October 3 vs Montreal,Sat. October 6 vs Ottawa,Thurs. October 18 vs Pittsburgh
65,Thurs. October 18 vs Pittsburgh,Thurs. November 1 vs Dallas,Sat. October 27 vs Winnipeg
66,Thurs. October 18 vs Pittsburgh,,
67,Sat. October 6 vs Ottawa,Sat. October 20 vs St. Louis,Sat. October 27 vs Winnipeg
68,Wed. October 3 vs Montreal,Mon. October 15 vs Los Angeles,Thurs. November 1 vs Dallas
69,Thurs. October 18 vs Pittsburgh,Mon. October 15 vs Los Angeles,
70,Sat. October 6 vs Ottawa,Sat. October 20 vs St. Louis,Wed. October 3 vs Montreal
71,Thurs. October 18 vs Pittsburgh,Sat. October 27 vs Winnipeg,Thurs. November 1 vs Dallas
72,Sat. October 27 vs Winnipeg,Sat. October 20 vs St. Louis,
73,Wed. October 3 vs Montreal,Thurs. November 1 vs Dallas,Sat. October 20 vs St. Louis
74,Thurs. October 18 vs Pittsburgh,Mon. October 29 vs Calgary,Sat. October 20 vs St. Louis
75,Wed. October 3 vs Montreal,Sat. October 20 vs St. Louis,Sat. October 27 vs Winnipeg
76,Sat. October 27 vs Winnipeg,Thurs. October 18 vs Pittsburgh,
77,Wed. October 3 vs Montreal,Sat. October 6 vs Ottawa,Sat. October 27 vs Winnipeg
78,Wed. October 3 vs Montreal,Thurs. October 18 vs Pittsburgh,Sat. October 27 vs Winnipeg
79,Sat. October 27 vs Winnipeg,Sat. October 6 vs Ottawa,
80,Thurs. October 18 vs Pittsburgh,Sat. October 6 vs Ottawa,Mon. October 15 vs Los Angeles
81,Sat. October 20 vs St. Louis,Wed. October 3 vs Montreal,Sat. October 6 vs Ottawa
82,Sat. October 6 vs Ottawa,Sat. October 27 vs Winnipeg,Sat. October 20 vs St. Louis
83,Sat. October 27 vs Winnipeg,Sat. October 20 vs St. Louis,Sat. October 6 vs Ottawa
84,Thurs. October 18 vs Pittsburgh,Thurs. November 1 vs Dallas,Sat. October 27 vs Winnipeg
85,Sat. October 20 vs St. Louis,Sat. October 27 vs Winnipeg,
86,Thurs. October 18 vs Pittsburgh,Sat. October 20 vs St. Louis,Sat. October 27 vs Winnipeg
87,Thurs. October 18 vs Pittsburgh,Mon. October 29 vs Calgary,Thurs. November 1 vs Dallas
88,Wed. October 3 vs Montreal,Mon. October 29 vs Calgary,Mon. October 15 vs Los Angeles
89,Wed. October 3 vs Montreal,,
90,Wed. October 3 vs Montreal,Thurs. October 18 vs Pittsburgh,Sat. October 27 vs Winnipeg
91,Wed. October 3 vs Montreal,,
92,Sat. October 6 vs Ottawa,Sat. October 20 vs St. Louis,
93,Wed. October 3 vs Montreal,Thurs. October 18 vs Pittsburgh,Sat. October 27 vs Winnipeg
94,Thurs. October 18 vs Pittsburgh,Sat. October 27 vs Winnipeg,Sat. October 20 vs St. Louis
95,Wed. October 3 vs Montreal,Thurs. October 18 vs Pittsburgh,
96,Sat. October 27 vs Winnipeg,Thurs. October 18 vs Pittsburgh,Sat. October 20 vs St. Louis
97,Sat. October 27 vs Winnipeg,Sat. October 20 vs St. Louis,Thurs. October 18 vs Pittsburgh
98,Sat. October 20 vs St. Louis,,
99,Wed. October 3 vs Montreal,Sat. October 27 vs Winnipeg,Thurs. November 1 vs Dallas
100,Wed. October 3 vs Montreal,Thurs. October 18 vs Pittsburgh,Mon. October 15 vs Los Angeles
101,Sat. October 27 vs Winnipeg,Thurs. October 18 vs Pittsburgh,Wed. October 3 vs Montreal
102,Sat. October 27 vs Winnipeg,Thurs. October 18 vs Pittsburgh,Sat. October 20 vs St. Louis
103,Wed. October 3 vs Montreal,Thurs. October 18 vs Pittsburgh,
104,Wed. October 3 vs Montreal,Thurs. October 18 vs Pittsburgh,Sat. October 6 vs Ottawa
105,Wed. October 3 vs Montreal,Thurs. October 18 vs Pittsburgh,
106,Sat. October 27 vs Winnipeg,Thurs. October 18 vs Pittsburgh,Sat. October 20 vs St. Louis
107,Sat. October 6 vs Ottawa,Sat. October 27 vs Winnipeg,Thurs. October 18 vs Pittsburgh
108,Thurs. October 18 vs Pittsburgh,Mon. October 29 vs Calgary,
109,Sat. October 20 vs St. Louis,Sat. October 27 vs Winnipeg,
110,Wed. October 3 vs Montreal,Sat. October 27 vs Winnipeg,Sat. October 6 vs Ottawa
111,Sat. October 27 vs Winnipeg,Wed. October 3 vs Montreal,Sat. October 6 vs Ottawa
112,Thurs. October 18 vs Pittsburgh,Mon. October 29 vs Calgary,Mon. October 15 vs Los Angeles
113,Wed. October 3 vs Montreal,Mon. October 29 vs Calgary,Thurs. October 18 vs Pittsburgh
114,Wed. October 3 vs Montreal,Sat. October 6 vs Ottawa,Thurs. October 18 vs Pittsburgh
115,Thurs. October 18 vs Pittsburgh,Sat. October 27 vs Winnipeg,Sat. October 20 vs St. Louis
116,Mon. October 29 vs Calgary,Sat. October 6 vs Ottawa,
117,Mon. October 29 vs Calgary,,
118,Thurs. November 1 vs Dallas,,
119,Sat. October 20 vs St. Louis,,
120,Thurs. October 18 vs Pittsburgh,,
121,Wed. October 3 vs Montreal,,
122,Thurs. November 1 vs Dallas,,
123,Wed. October 3 vs Montreal,,
124,Thurs. October 18 vs Pittsburgh,,
125,Mon. October 15 vs Los Angeles,,
126,Thurs. November 1 vs Dallas,,
127,Mon. October 15 vs Los Angeles,,
128,Wed. October 3 vs Montreal,Sat. October 6 vs Ottawa,Mon. October 29 vs Calgary
129,Thurs. November 1 vs Dallas,Sat. October 27 vs Winnipeg,
130,Thurs. November 1 vs Dallas,,
131,Sat. October 27 vs Winnipeg,Mon. October 29 vs Calgary,
132,Sat. October 20 vs St. Louis,Sat. October 27 vs Winnipeg,Mon. October 15 vs Los Angeles
133,Mon. October 15 vs Los Angeles,Sat. October 27 vs Winnipeg,
134,Sat. October 20 vs St. Louis,Thurs. October 18 vs Pittsburgh,Mon. October 15 vs Los Angeles
135,Wed. October 3 vs Montreal,Sat. October 20 vs St. Louis,Sat. October 27 vs Winnipeg
136,Thurs. November 1 vs Dallas,Thurs. October 18 vs Pittsburgh,Sat. October 27 vs Winnipeg
137,Wed. October 3 vs Montreal,Thurs. October 18 vs Pittsburgh,Mon. October 29 vs Calgary
138,Sat. October 20 vs St. Louis,,
139,Sat. October 6 vs Ottawa,Sat. October 20 vs St. Louis,Thurs. November 1 vs Dallas
140,Sat. October 27 vs Winnipeg,Wed. October 3 vs Montreal,Thurs. October 18 vs Pittsburgh
141,Wed. October 3 vs Montreal,Mon. October 15 vs Los Angeles,Mon. October 29 vs Calgary
142,Wed. October 3 vs Montreal,Sat. October 27 vs Winnipeg,Sat. October 20 vs St. Louis
143,Sat. October 20 vs St. Louis,Sat. October 27 vs Winnipeg,
144,Sat. October 6 vs Ottawa,Sat. October 27 vs Winnipeg,Sat. October 20 vs St. Louis
145,Wed. October 3 vs Montreal,Thurs. October 18 vs Pittsburgh,Sat. October 27 vs Winnipeg
146,Thurs. October 18 vs Pittsburgh,Mon. October 29 vs Calgary,
147,Sat. October 27 vs Winnipeg,Mon. October 15 vs Los Angeles,
148,Wed. October 3 vs Montreal,,
149,Sat. October 27 vs Winnipeg,Sat. October 20 vs St. Louis,Thurs. October 18 vs Pittsburgh
150,Thurs. October 18 vs Pittsburgh,Sat. October 27 vs Winnipeg,Sat. October 20 vs St. Louis
151,Wed. October 3 vs Montreal,Thurs. October 18 vs Pittsburgh,
152,Sat. October 27 vs Winnipeg,Thurs. October 18 vs Pittsburgh,Sat. October 20 vs St. Louis
153,Sat. October 27 vs Winnipeg,Sat. October 20 vs St. Louis,Thurs. October 18 vs Pittsburgh
154,Sat. October 20 vs St. Louis,,
155,Wed. October 3 vs Montreal,Sat. October 27 vs Winnipeg,Thurs. November 1 vs Dallas
156,Wed. October 3 vs Montreal,Thurs. October 18 vs Pittsburgh,Mon. October 15 vs Los Angeles
157,Sat. October 27 vs Winnipeg,Thurs. October 18 vs Pittsburgh,Wed. October 3 vs Montreal
158,Sat. October 27 vs Winnipeg,Thurs. October 18 vs Pittsburgh,Sat. October 20 vs St. Louis
159,Wed. October 3 vs Montreal,Thurs. October 18 vs Pittsburgh,
160,Wed. October 3 vs Montreal,Thurs. October 18 vs Pittsburgh,Sat. October 6 vs Ottawa
161,Wed. October 3 vs Montreal,Thurs. October 18 vs Pittsburgh,
162,Sat. October 27 vs Winnipeg,Thurs. October 18 vs Pittsburgh,Sat. October 20 vs St. Louis
163,Sat. October 6 vs Ottawa,Sat. October 27 vs Winnipeg,Thurs. October 18 vs Pittsburgh
164,Thurs. October 18 vs Pittsburgh,Mon. October 29 vs Calgary,
165,Sat. October 20 vs St. Louis,Sat. October 27 vs Winnipeg,
166,Wed. October 3 vs Montreal,Sat. October 27 vs Winnipeg,Sat. October 6 vs Ottawa
167,Sat. October 27 vs Winnipeg,Wed. October 3 vs Montreal,Sat. October 6 vs Ottawa
168,Thurs. October 18 vs Pittsburgh,Mon. October 29 vs Calgary,Mon. October 15 vs Los Angeles
169,Wed. October 3 vs Montreal,Mon. October 29 vs Calgary,Thurs. October 18 vs Pittsburgh
170,Wed. October 3 vs Montreal,Sat. October 6 vs Ottawa,Thurs. October 18 vs Pittsburgh
171,Thurs. October 18 vs Pittsburgh,Sat. October 27 vs Winnipeg,Sat. October 20 vs St. Louis
172,Mon. October 29 vs Calgary,Sat. October 6 vs Ottawa,
173,Mon. October 29 vs Calgary,,
174,Thurs. November 1 vs Dallas,,
175,Sat. October 20 vs St. Louis,,
176,Thurs. October 18 vs Pittsburgh,,
177,Wed. October 3 vs Montreal,,
178,Thurs. November 1 vs Dallas,,
179,Wed. October 3 vs Montreal,,
180,Mon. October 29 vs Calgary,Thurs. October 18 vs Pittsburgh,Wed. October 3 vs Montreal
181,Thurs. November 1 vs Dallas,Thurs. October 18 vs Pittsburgh,
182,Wed. October 3 vs Montreal,Sat. October 27 vs Winnipeg,Thurs. October 18 vs Pittsburgh
183,Wed. October 3 vs Montreal,Sat. October 6 vs Ottawa,Thurs. October 18 vs Pittsburgh
184,Sat. October 6 vs Ottawa,Thurs. October 18 vs Pittsburgh,Thurs. November 1 vs Dallas
185,Thurs. October 18 vs Pittsburgh,Mon. October 29 vs Calgary,
186,Wed. October 3 vs Montreal,Sat. October 27 vs Winnipeg,Sat. October 20 vs St. Louis
187,Mon. October 15 vs Los Angeles,Thurs. November 1 vs Dallas,Thurs. October 18 vs Pittsburgh
188,Sat. October 27 vs Winnipeg,Thurs. October 18 vs Pittsburgh,Sat. October 6 vs Ottawa
189,Wed. October 3 vs Montreal,,
190,Wed. October 3 vs Montreal,Sat. October 27 vs Winnipeg,Thurs. October 18 vs Pittsburgh
191,Wed. October 3 vs Montreal,Sat. October 6 vs Ottawa,Thurs. October 18 vs Pittsburgh
192,Wed. October 3 vs Montreal,Sat. October 6 vs Ottawa,Thurs. October 18 vs Pittsburgh
193,Thurs. October 18 vs Pittsburgh,Thurs. November 1 vs Dallas,Sat. October 27 vs Winnipeg
194,Thurs. October 18 vs Pittsburgh,,
195,Sat. October 6 vs Ottawa,Sat. October 20 vs St. Louis,Sat. October 27 vs Winnipeg
196,Wed. October 3 vs Montreal,Mon. October 15 vs Los Angeles,Thurs. November 1 vs Dallas
197,Thurs. October 18 vs Pittsburgh,Mon. October 15 vs Los Angeles,
198,Sat. October 6 vs Ottawa,Sat. October 20 vs St. Louis,Wed. October 3 vs Montreal
199,Thurs. October 18 vs Pittsburgh,Sat. October 27 vs Winnipeg,Thurs. November 1 vs Dallas
200,Sat. October 27 vs Winnipeg,Sat. October 20 vs St. Louis,
201,Wed. October 3 vs Montreal,Thurs. November 1 vs Dallas,Sat. October 20 vs St. Louis
202,Thurs. October 18 vs Pittsburgh,Mon. October 29 vs Calgary,Sat. October 20 vs St. Louis
203,Wed. October 3 vs Montreal,Sat. October 20 vs St. Louis,Sat. October 27 vs Winnipeg
204,Sat. October 27 vs Winnipeg,Thurs. October 18 vs Pittsburgh,
205,Wed. October 3 vs Montreal,Sat. October 6 vs Ottawa,Sat. October 27 vs Winnipeg
206,Wed. October 3 vs Montreal,Thurs. October 18 vs Pittsburgh,Sat. October 27 vs Winnipeg
207,Sat. October 27 vs Winnipeg,Sat. October 6 vs Ottawa,
208,Thurs. October 18 vs Pittsburgh,Sat. October 6 vs Ottawa,Mon. October 15 vs Los Angeles
209,Sat. October 20 vs St. Louis,Wed. October 3 vs Montreal,Sat. October 6 vs Ottawa
210,Sat. October 6 vs Ottawa,Sat. October 27 vs Winnipeg,Sat. October 20 vs St. Louis
211,Sat. October 27 vs Winnipeg,Sat. October 20 vs St. Louis,Sat. October 6 vs Ottawa
212,Thurs. October 18 vs Pittsburgh,Thurs. November 1 vs Dallas,Sat. October 27 vs Winnipeg
213,Sat. October 20 vs St. Louis,Sat. October 27 vs Winnipeg,
214,Thurs. October 18 vs Pittsburgh,Sat. October 20 vs St. Louis,Sat. October 27 vs Winnipeg
215,Thurs. October 18 vs Pittsburgh,Mon. October 29 vs Calgary,Thurs. November 1 vs Dallas
216,Wed. October 3 vs Montreal,Mon. October 29 vs Calgary,Mon. October 15 vs Los Angeles
217,Wed. October 3 vs Montreal,,
218,Wed. October 3 vs Montreal,Sat. October 6 vs Ottawa,Sat. October 20 vs St. Louis
219,Wed. October 3 vs Montreal,,
220,Sat. October 27 vs Winnipeg,Mon. October 29 vs Calgary,
221,Thurs. October 18 vs Pittsburgh,Wed. October 3 vs Montreal,Sat. October 27 vs Winnipeg
222,Mon. October 15 vs Los Angeles,Thurs. October 18 vs Pittsburgh,Sat. October 27 vs Winnipeg
223,Thurs. October 18 vs Pittsburgh,Sat. October 20 vs St. Louis,Mon. October 15 vs Los Angeles
224,Sat. October 6 vs Ottawa,Sat. October 27 vs Winnipeg,Wed. October 3 vs Montreal
225,Wed. October 3 vs Montreal,Thurs. October 18 vs Pittsburgh,
226,Wed. October 3 vs Montreal,Sat. October 27 vs Winnipeg,Thurs. October 18 vs Pittsburgh
227,Wed. October 3 vs Montreal,Sat. October 27 vs Winnipeg,
228,Sat. October 6 vs Ottawa,Sat. October 27 vs Winnipeg,Sat. October 20 vs St. Louis
229,Sat. October 27 vs Winnipeg,Sat. October 20 vs St. Louis,Mon. October 29 vs Calgary
230,Sat. October 20 vs St. Louis,Sat. October 27 vs Winnipeg,Thurs. November 1 vs Dallas
231,Thurs. October 18 vs Pittsburgh,Wed. October 3 vs Montreal,Mon. October 15 vs Los Angeles
232,Wed. October 3 vs Montreal,Sat. October 6 vs Ottawa,Mon. October 29 vs Calgary
233,Thurs. November 1 vs Dallas,Sat. October 27 vs Winnipeg,
234,Thurs. November 1 vs Dallas,,
235,Sat. October 27 vs Winnipeg,Mon. October 29 vs Calgary,
236,Sat. October 20 vs St. Louis,Sat. October 27 vs Winnipeg,Mon. October 15 vs Los Angeles
237,Mon. October 15 vs Los Angeles,Sat. October 27 vs Winnipeg,
238,Sat. October 20 vs St. Louis,Thurs. October 18 vs Pittsburgh,Mon. October 15 vs Los Angeles
239,Wed. October 3 vs Montreal,Sat. October 20 vs St. Louis,Sat. October 27 vs Winnipeg
240,Thurs. November 1 vs Dallas,Thurs. October 18 vs Pittsburgh,Sat. October 27 vs Winnipeg
241,Wed. October 3 vs Montreal,Thurs. October 18 vs Pittsburgh,Mon. October 29 vs Calgary
242,Sat. October 20 vs St. Louis,,
243,Sat. October 6 vs Ottawa,Sat. October 20 vs St. Louis,Thurs. November 1 vs Dallas
244,Sat. October 27 vs Winnipeg,Wed. October 3 vs Montreal,Thurs. October 18 vs Pittsburgh
245,Wed. October 3 vs Montreal,Mon. October 15 vs Los Angeles,Mon. October 29 vs Calgary
246,Wed. October 3 vs Montreal,Sat. October 27 vs Winnipeg,Sat. October 20 vs St. Louis
247,Sat. October 20 vs St. Louis,Sat. October 27 vs Winnipeg,
248,Sat. October 6 vs Ottawa,Sat. October 27 vs Winnipeg,Sat. October 20 vs St. Louis
249,Wed. October 3 vs Montreal,Thurs. October 18 vs Pittsburgh,Sat. October 27 vs Winnipeg
250,Thurs. October 18 vs Pittsburgh,Mon. October 29 vs Calgary,
251,Sat. October 27 vs Winnipeg,Mon. October 15 vs Los Angeles,
252,Wed. October 3 vs Montreal,,
253,Sat. October 27 vs Winnipeg,Sat. October 20 vs St. Louis,Thurs. October 18 vs Pittsburgh
254,Wed. October 3 vs Montreal,Sat. October 20 vs St. Louis,Thurs. October 18 vs Pittsburgh
255,Sat. October 27 vs Winnipeg,Mon. October 15 vs Los Angeles,Mon. October 29 vs Calgary
256,Wed. October 3 vs Montreal,Thurs. October 18 vs Pittsburgh,Thurs. November 1 vs Dallas
257,Mon. October 29 vs Calgary,Thurs. October 18 vs Pittsburgh,Thurs. November 1 vs Dallas
258,Sat. October 27 vs Winnipeg,Sat. October 20 vs St. Louis,Thurs. November 1 vs Dallas
259,Wed. October 3 vs Montreal,Thurs. October 18 vs Pittsburgh,Sat. October 20 vs St. Louis
260,Sat. October 27 vs Winnipeg,Sat. October 20 vs St. Louis,
261,Sat. October 27 vs Winnipeg,Wed. October 3 vs Montreal,
262,Thurs. October 18 vs Pittsburgh,Thurs. November 1 vs Dallas,
263,Wed. October 3 vs Montreal,Sat. October 6 vs Ottawa,Sat. October 27 vs Winnipeg
264,Thurs. November 1 vs Dallas,Thurs. October 18 vs Pittsburgh,
265,Sat. October 27 vs Winnipeg,Sat. October 20 vs St. Louis,Thurs. October 18 vs Pittsburgh
266,Sat. October 6 vs Ottawa,,
267,Wed. October 3 vs Montreal,Sat. October 27 vs Winnipeg,
268,Wed. October 3 vs Montreal,Thurs. October 18 vs Pittsburgh,Thurs. October 18 vs Pittsburgh
269,Mon. October 29 vs Calgary,Thurs. October 18 vs Pittsburgh,Wed. October 3 vs Montreal
270,Thurs. November 1 vs Dallas,Thurs. October 18 vs Pittsburgh,
271,Wed. October 3 vs Montreal,Sat. October 27 vs Winnipeg,Thurs. October 18 vs Pittsburgh
272,Wed. October 3 vs Montreal,Sat. October 6 vs Ottawa,Thurs. October 18 vs Pittsburgh
273,Sat. October 6 vs Ottawa,Thurs. October 18 vs Pittsburgh,Thurs. November 1 vs Dallas
274,Thurs. October 18 vs Pittsburgh,Mon. October 29 vs Calgary,
275,Wed. October 3 vs Montreal,Sat. October 27 vs Winnipeg,Sat. October 20 vs St. Louis
276,Mon. October 15 vs Los Angeles,Thurs. November 1 vs Dallas,Thurs. October 18 vs Pittsburgh
277,Sat. October 27 vs Winnipeg,Thurs. October 18 vs Pittsburgh,Sat. October 6 vs Ottawa
278,Wed. October 3 vs Montreal,,
279,Wed. October 3 vs Montreal,Sat. October 27 vs Winnipeg,Thurs. October 18 vs Pittsburgh
280,Wed. October 3 vs Montreal,Sat. October 6 vs Ottawa,Thurs. October 18 vs Pittsburgh
281,Wed. October 3 vs Montreal,Sat. October 6 vs Ottawa,Thurs. October 18 vs Pittsburgh
282,Thurs. October 18 vs Pittsburgh,Thurs. November 1 vs Dallas,Sat. October 27 vs Winnipeg
283,Thurs. October 18 vs Pittsburgh,,
284,Sat. October 6 vs Ottawa,Sat. October 20 vs St. Louis,Sat. October 27 vs Winnipeg
285,Wed. October 3 vs Montreal,Mon. October 15 vs Los Angeles,Thurs. November 1 vs Dallas
286,Thurs. October 18 vs Pittsburgh,Mon. October 15 vs Los Angeles,
287,Sat. October 6 vs Ottawa,Sat. October 20 vs St. Louis,Wed. October 3 vs Montreal
288,Thurs. October 18 vs Pittsburgh,Sat. October 27 vs Winnipeg,Thurs. November 1 vs Dallas
289,Sat. October 27 vs Winnipeg,Sat. October 20 vs St. Louis,
290,Wed. October 3 vs Montreal,Thurs. November 1 vs Dallas,Sat. October 20 vs St. Louis
291,Thurs. October 18 vs Pittsburgh,Mon. October 29 vs Calgary,Sat. October 20 vs St. Louis
292,Wed. October 3 vs Montreal,Sat. October 20 vs St. Louis,Sat. October 27 vs Winnipeg
293,Sat. October 27 vs Winnipeg,Thurs. October 18 vs Pittsburgh,
294,Wed. October 3 vs Montreal,Sat. October 6 vs Ottawa,Sat. October 27 vs Winnipeg
295,Wed. October 3 vs Montreal,Thurs. October 18 vs Pittsburgh,Sat. October 27 vs Winnipeg
296,Sat. October 27 vs Winnipeg,Sat. October 6 vs Ottawa,
297,Thurs. October 18 vs Pittsburgh,Sat. October 6 vs Ottawa,Mon. October 15 vs Los Angeles
298,Sat. October 20 vs St. Louis,Wed. October 3 vs Montreal,Sat. October 6 vs Ottawa
299,Sat. October 6 vs Ottawa,Sat. October 27 vs Winnipeg,Sat. October 20 vs St. Louis
300,Sat. October 27 vs Winnipeg,Sat. October 20 vs St. Louis,Sat. October 6 vs Ottawa
301,Thurs. October 18 vs Pittsburgh,Thurs. November 1 vs Dallas,Sat. October 27 vs Winnipeg
302,Sat. October 20 vs St. Louis,Sat. October 27 vs Winnipeg,
303,Thurs. October 18 vs Pittsburgh,Sat. October 20 vs St. Louis,Sat. October 27 vs Winnipeg
304,Thurs. October 18 vs Pittsburgh,Mon. October 29 vs Calgary,Thurs. November 1 vs Dallas
305,Wed. October 3 vs Montreal,Mon. October 29 vs Calgary,Mon. October 15 vs Los Angeles
306,Wed. October 3 vs Montreal,,
307,Wed. October 3 vs Montreal,Thurs. October 18 vs Pittsburgh,Sat. October 27 vs Winnipeg
308,Wed. October 3 vs Montreal,,
309,Sat. October 6 vs Ottawa,Sat. October 20 vs St. Louis,
310,Wed. October 3 vs Montreal,Thurs. October 18 vs Pittsburgh,Sat. October 27 vs Winnipeg
311,Thurs. October 18 vs Pittsburgh,Sat. October 27 vs Winnipeg,Sat. October 20 vs St. Louis
312,Wed. October 3 vs Montreal,Thurs. October 18 vs Pittsburgh,
313,Sat. October 27 vs Winnipeg,Thurs. October 18 vs Pittsburgh,Sat. October 20 vs St. Louis
314,Sat. October 27 vs Winnipeg,Sat. October 20 vs St. Louis,Thurs. October 18 vs Pittsburgh
315,Sat. October 20 vs St. Louis,,
316,Wed. October 3 vs Montreal,Sat. October 27 vs Winnipeg,Thurs. November 1 vs Dallas
317,Wed. October 3 vs Montreal,Thurs. October 18 vs Pittsburgh,Mon. October 15 vs Los Angeles
318,Sat. October 27 vs Winnipeg,Thurs. October 18 vs Pittsburgh,Wed. October 3 vs Montreal
319,Sat. October 27 vs Winnipeg,Thurs. October 18 vs Pittsburgh,Sat. October 20 vs St. Louis
320,Wed. October 3 vs Montreal,Thurs. October 18 vs Pittsburgh,
321,Wed. October 3 vs Montreal,Thurs. October 18 vs Pittsburgh,Sat. October 6 vs Ottawa
322,Wed. October 3 vs Montreal,Thurs. October 18 vs Pittsburgh,
323,Sat. October 27 vs Winnipeg,Thurs. October 18 vs Pittsburgh,Sat. October 20 vs St. Louis
324,Sat. October 6 vs Ottawa,Sat. October 27 vs Winnipeg,Thurs. October 18 vs Pittsburgh
325,Thurs. October 18 vs Pittsburgh,Mon. October 29 vs Calgary,
326,Sat. October 20 vs St. Louis,Sat. October 27 vs Winnipeg,
327,Wed. October 3 vs Montreal,Sat. October 27 vs Winnipeg,Sat. October 6 vs Ottawa
328,Sat. October 27 vs Winnipeg,Wed. October 3 vs Montreal,Sat. October 6 vs Ottawa
329,Thurs. October 18 vs Pittsburgh,Mon. October 29 vs Calgary,Mon. October 15 vs Los Angeles
330,Wed. October 3 vs Montreal,Mon. October 29 vs Calgary,Thurs. October 18 vs Pittsburgh
331,Wed. October 3 vs Montreal,Sat. October 6 vs Ottawa,Thurs. October 18 vs Pittsburgh
332,Thurs. October 18 vs Pittsburgh,Sat. October 27 vs Winnipeg,Sat. October 20 vs St. Louis
333,Mon. October 29 vs Calgary,Sat. October 6 vs Ottawa,
334,Mon. October 29 vs Calgary,,
335,Thurs. November 1 vs Dallas,,
336,Sat. October 20 vs St. Louis,,
337,Thurs. October 18 vs Pittsburgh,,
338,Wed. October 3 vs Montreal,,
339,Thurs. November 1 vs Dallas,,
340,Wed. October 3 vs Montreal,,
341,Thurs. October 18 vs Pittsburgh,,
342,Mon. October 15 vs Los Angeles,,
343,Thurs. November 1 vs Dallas,,
344,Mon. October 15 vs Los Angeles,,
345,Wed. October 3 vs Montreal,Sat. October 6 vs Ottawa,Mon. October 29 vs Calgary
346,Thurs. November 1 vs Dallas,Sat. October 27 vs Winnipeg,
347,Thurs. November 1 vs Dallas,,
348,Sat. October 27 vs Winnipeg,Mon. October 29 vs Calgary,
349,Sat. October 20 vs St. Louis,Sat. October 27 vs Winnipeg,Mon. October 15 vs Los Angeles
350,Mon. October 15 vs Los Angeles,Sat. October 27 vs Winnipeg,
351,Sat. October 20 vs St. Louis,Thurs. October 18 vs Pittsburgh,Mon. October 15 vs Los Angeles
352,Wed. October 3 vs Montreal,Sat. October 20 vs St. Louis,Sat. October 27 vs Winnipeg
353,Thurs. November 1 vs Dallas,Thurs. October 18 vs Pittsburgh,Sat. October 27 vs Winnipeg
354,Wed. October 3 vs Montreal,Thurs. October 18 vs Pittsburgh,Mon. October 29 vs Calgary
355,Sat. October 20 vs St. Louis,,
356,Sat. October 6 vs Ottawa,Sat. October 20 vs St. Louis,Thurs. November 1 vs Dallas
357,Sat. October 27 vs Winnipeg,Wed. October 3 vs Montreal,Thurs. October 18 vs Pittsburgh
358,Wed. October 3 vs Montreal,Mon. October 15 vs Los Angeles,Mon. October 29 vs Calgary
359,Wed. October 3 vs Montreal,Sat. October 27 vs Winnipeg,Sat. October 20 vs St. Louis
360,Sat. October 20 vs St. Louis,Sat. October 27 vs Winnipeg,
361,Sat. October 6 vs Ottawa,Sat. October 27 vs Winnipeg,Sat. October 20 vs St. Louis
362,Wed. October 3 vs Montreal,Thurs. October 18 vs Pittsburgh,Sat. October 27 vs Winnipeg
363,Thurs. October 18 vs Pittsburgh,Mon. October 29 vs Calgary,
364,Sat. October 27 vs Winnipeg,Mon. October 15 vs Los Angeles,
365,Wed. October 3 vs Montreal,,
366,Sat. October 27 vs Winnipeg,Sat. October 20 vs St. Louis,Thurs. October 18 vs Pittsburgh
367,Thurs. October 18 vs Pittsburgh,Sat. October 27 vs Winnipeg,Sat. October 20 vs St. Louis
368,Wed. October 3 vs Montreal,Thurs. October 18 vs Pittsburgh,
369,Sat. October 27 vs Winnipeg,Thurs. October 18 vs Pittsburgh,Sat. October 20 vs St. Louis
370,Sat. October 27 vs Winnipeg,Sat. October 20 vs St. Louis,Thurs. October 18 vs Pittsburgh
371,Sat. October 20 vs St. Louis,,
372,Wed. October 3 vs Montreal,Sat. October 27 vs Winnipeg,Thurs. November 1 vs Dallas
373,Wed. October 3 vs Montreal,Thurs. October 18 vs Pittsburgh,Mon. October 15 vs Los Angeles
374,Sat. October 27 vs Winnipeg,Thurs. October 18 vs Pittsburgh,Wed. October 3 vs Montreal
375,Sat. October 27 vs Winnipeg,Thurs. October 18 vs Pittsburgh,Sat. October 20 vs St. Louis
376,Wed. October 3 vs Montreal,Thurs. October 18 vs Pittsburgh,
377,Wed. October 3 vs Montreal,Thurs. October 18 vs Pittsburgh,Sat. October 6 vs Ottawa
378,Wed. October 3 vs Montreal,Thurs. October 18 vs Pittsburgh,
379,Sat. October 27 vs Winnipeg,Thurs. October 18 vs Pittsburgh,Sat. October 20 vs St. Louis
380,Sat. October 6 vs Ottawa,Sat. October 27 vs Winnipeg,Thurs. October 18 vs Pittsburgh
381,Thurs. October 18 vs Pittsburgh,Mon. October 29 vs Calgary,
382,Sat. October 20 vs St. Louis,Sat. October 27 vs Winnipeg,
383,Wed. October 3 vs Montreal,Sat. October 27 vs Winnipeg,Sat. October 6 vs Ottawa
384,Sat. October 27 vs Winnipeg,Wed. October 3 vs Montreal,Sat. October 6 vs Ottawa
385,Thurs. October 18 vs Pittsburgh,Mon. October 29 vs Calgary,Mon. October 15 vs Los Angeles
386,Wed. October 3 vs Montreal,Mon. October 29 vs Calgary,Thurs. October 18 vs Pittsburgh
387,Wed. October 3 vs Montreal,Sat. October 6 vs Ottawa,Thurs. October 18 vs Pittsburgh
388,Thurs. October 18 vs Pittsburgh,Sat. October 27 vs Winnipeg,Sat. October 20 vs St. Louis
389,Mon. October 29 vs Calgary,Sat. October 6 vs Ottawa,
390,Mon. October 29 vs Calgary,,
391,Thurs. November 1 vs Dallas,,
392,Sat. October 20 vs St. Louis,,
393,Thurs. October 18 vs Pittsburgh,,
394,Wed. October 3 vs Montreal,,
395,Thurs. November 1 vs Dallas,,
396,Wed. October 3 vs Montreal,,
397,Mon. October 29 vs Calgary,Thurs. October 18 vs Pittsburgh,Wed. October 3 vs Montreal
398,Thurs. November 1 vs Dallas,Thurs. October 18 vs Pittsburgh,
399,Wed. October 3 vs Montreal,Sat. October 27 vs Winnipeg,Thurs. October 18 vs Pittsburgh
400,Wed. October 3 vs Montreal,Sat. October 6 vs Ottawa,Thurs. October 18 vs Pittsburgh
401,Sat. October 6 vs Ottawa,Thurs. October 18 vs Pittsburgh,Thurs. November 1 vs Dallas
402,Thurs. October 18 vs Pittsburgh,Mon. October 29 vs Calgary,
403,Wed. October 3 vs Montreal,Sat. October 27 vs Winnipeg,Sat. October 20 vs St. Louis
404,Mon. October 15 vs Los Angeles,Thurs. November 1 vs Dallas,Thurs. October 18 vs Pittsburgh
405,Sat. October 27 vs Winnipeg,Thurs. October 18 vs Pittsburgh,Sat. October 6 vs Ottawa
406,Wed. October 3 vs Montreal,,
407,Wed. October 3 vs Montreal,Sat. October 27 vs Winnipeg,Thurs. October 18 vs Pittsburgh
408,Wed. October 3 vs Montreal,Sat. October 6 vs Ottawa,Thurs. October 18 vs Pittsburgh
409,Wed. October 3 vs Montreal,Sat. October 6 vs Ottawa,Thurs. October 18 vs Pittsburgh
410,Thurs. October 18 vs Pittsburgh,Thurs. November 1 vs Dallas,Sat. October 27 vs Winnipeg
411,Thurs. October 18 vs Pittsburgh,,
412,Sat. October 6 vs Ottawa,Sat. October 20 vs St. Louis,Sat. October 27 vs Winnipeg
413,Wed. October 3 vs Montreal,Mon. October 15 vs Los Angeles,Thurs. November 1 vs Dallas
414,Thurs. October 18 vs Pittsburgh,Mon. October 15 vs Los Angeles,
415,Sat. October 6 vs Ottawa,Sat. October 20 vs St. Louis,Wed. October 3 vs Montreal
416,Thurs. October 18 vs Pittsburgh,Sat. October 27 vs Winnipeg,Thurs. November 1 vs Dallas
417,Sat. October 27 vs Winnipeg,Sat. October 20 vs St. Louis,
418,Wed. October 3 vs Montreal,Thurs. November 1 vs Dallas,Sat. October 20 vs St. Louis
419,Thurs. October 18 vs Pittsburgh,Mon. October 29 vs Calgary,Sat. October 20 vs St. Louis
420,Wed. October 3 vs Montreal,Sat. October 20 vs St. Louis,Sat. October 27 vs Winnipeg
421,Sat. October 27 vs Winnipeg,Thurs. October 18 vs Pittsburgh,
422,Wed. October 3 vs Montreal,Sat. October 6 vs Ottawa,Sat. October 27 vs Winnipeg
423,Wed. October 3 vs Montreal,Thurs. October 18 vs Pittsburgh,Sat. October 27 vs Winnipeg
424,Sat. October 27 vs Winnipeg,Sat. October 6 vs Ottawa,
425,Thurs. October 18 vs Pittsburgh,Sat. October 6 vs Ottawa,Mon. October 15 vs Los Angeles
426,Sat. October 20 vs St. Louis,Wed. October 3 vs Montreal,Sat. October 6 vs Ottawa
427,Sat. October 6 vs Ottawa,Sat. October 27 vs Winnipeg,Sat. October 20 vs St. Louis
428,Sat. October 27 vs Winnipeg,Sat. October 20 vs St. Louis,Sat. October 6 vs Ottawa
429,Thurs. October 18 vs Pittsburgh,Thurs. November 1 vs Dallas,Sat. October 27 vs Winnipeg
430,Sat. October 20 vs St. Louis,Sat. October 27 vs Winnipeg,
431,Thurs. October 18 vs Pittsburgh,Sat. October 20 vs St. Louis,Sat. October 27 vs Winnipeg
432,Thurs. October 18 vs Pittsburgh,Mon. October 29 vs Calgary,Thurs. November 1 vs Dallas
433,Wed. October 3 vs Montreal,Mon. October 29 vs Calgary,Mon. October 15 vs Los Angeles
434,Wed. October 3 vs Montreal,,
435,Wed. October 3 vs Montreal,Sat. October 6 vs Ottawa,Sat. October 20 vs St. Louis
436,Wed. October 3 vs Montreal,,
437,Sat. October 27 vs Winnipeg,Mon. October 29 vs Calgary,
438,Thurs. October 18 vs Pittsburgh,Wed. October 3 vs Montreal,Sat. October 27 vs Winnipeg
439,Mon. October 15 vs Los Angeles,Thurs. October 18 vs Pittsburgh,Sat. October 27 vs Winnipeg
440,Thurs. October 18 vs Pittsburgh,Sat. October 20 vs St. Louis,Mon. October 15 vs Los Angeles
441,Sat. October 6 vs Ottawa,Sat. October 27 vs Winnipeg,Wed. October 3 vs Montreal
442,Wed. October 3 vs Montreal,Thurs. October 18 vs Pittsburgh,
443,Wed. October 3 vs Montreal,Sat. October 27 vs Winnipeg,Thurs. October 18 vs Pittsburgh
444,Wed. October 3 vs Montreal,Sat. October 27 vs Winnipeg,
445,Sat. October 6 vs Ottawa,Sat. October 27 vs Winnipeg,Sat. October 20 vs St. Louis
446,Sat. October 27 vs Winnipeg,Sat. October 20 vs St. Louis,Mon. October 29 vs Calgary
447,Sat. October 20 vs St. Louis,Sat. October 27 vs Winnipeg,Thurs. November 1 vs Dallas
448,Thurs. October 18 vs Pittsburgh,Wed. October 3 vs Montreal,Mon. October 15 vs Los Angeles
449,Wed. October 3 vs Montreal,Sat. October 6 vs Ottawa,Mon. October 29 vs Calgary
450,Thurs. November 1 vs Dallas,Sat. October 27 vs Winnipeg,
451,Thurs. November 1 vs Dallas,,
452,Sat. October 27 vs Winnipeg,Mon. October 29 vs Calgary,
453,Sat. October 20 vs St. Louis,Sat. October 27 vs Winnipeg,Mon. October 15 vs Los Angeles
454,Mon. October 15 vs Los Angeles,Sat. October 27 vs Winnipeg,
455,Sat. October 20 vs St. Louis,Thurs. October 18 vs Pittsburgh,Mon. October 15 vs Los Angeles
456,Wed. October 3 vs Montreal,Sat. October 20 vs St. Louis,Sat. October 27 vs Winnipeg
457,Thurs. November 1 vs Dallas,Thurs. October 18 vs Pittsburgh,Sat. October 27 vs Winnipeg
458,Wed. October 3 vs Montreal,Thurs. October 18 vs Pittsburgh,Mon. October 29 vs Calgary
459,Sat. October 20 vs St. Louis,,
460,Sat. October 6 vs Ottawa,Sat. October 20 vs St. Louis,Thurs. November 1 vs Dallas
461,Sat. October 27 vs Winnipeg,Wed. October 3 vs Montreal,Thurs. October 18 vs Pittsburgh
462,Wed. October 3 vs Montreal,Mon. October 15 vs Los Angeles,Mon. October 29 vs Calgary
463,Wed. October 3 vs Montreal,Sat. October 27 vs Winnipeg,Sat. October 20 vs St. Louis
464,Sat. October 20 vs St. Louis,Sat. October 27 vs Winnipeg,
465,Sat. October 6 vs Ottawa,Sat. October 27 vs Winnipeg,Sat. October 20 vs St. Louis
466,Wed. October 3 vs Montreal,Thurs. October 18 vs Pittsburgh,Sat. October 27 vs Winnipeg
467,Thurs. October 18 vs Pittsburgh,Mon. October 29 vs Calgary,
468,Sat. October 27 vs Winnipeg,Mon. October 15 vs Los Angeles,
469,Wed. October 3 vs Montreal,,
470,Sat. October 27 vs Winnipeg,Sat. October 20 vs St. Louis,Thurs. October 18 vs Pittsburgh
471,Wed. October 3 vs Montreal,Sat. October 20 vs St. Louis,Thurs. October 18 vs Pittsburgh
472,Sat. October 27 vs Winnipeg,Mon. October 15 vs Los Angeles,Mon. October 29 vs Calgary
473,Wed. October 3 vs Montreal,Thurs. October 18 vs Pittsburgh,Thurs. November 1 vs Dallas
474,Mon. October 29 vs Calgary,Thurs. October 18 vs Pittsburgh,Thurs. November 1 vs Dallas
475,Sat. October 27 vs Winnipeg,Sat. October 20 vs St. Louis,Thurs. November 1 vs Dallas
476,Wed. October 3 vs Montreal,Thurs. October 18 vs Pittsburgh,Sat. October 20 vs St. Louis
477,Sat. October 27 vs Winnipeg,Sat. October 20 vs St. Louis,
478,Sat. October 27 vs Winnipeg,Wed. October 3 vs Montreal,
479,Thurs. October 18 vs Pittsburgh,Thurs. November 1 vs Dallas,
480,Wed. October 3 vs Montreal,Sat. October 6 vs Ottawa,Sat. October 27 vs Winnipeg
481,Thurs. November 1 vs Dallas,Thurs. October 18 vs Pittsburgh,
482,Sat. October 27 vs Winnipeg,Sat. October 20 vs St. Louis,Thurs. October 18 vs Pittsburgh
483,Sat. October 6 vs Ottawa,,
484,Wed. October 3 vs Montreal,Sat. October 27 vs Winnipeg,
485,Wed. October 3 vs Montreal,Thurs. October 18 vs Pittsburgh,Thurs. October 18 vs Pittsburgh
486,Mon. October 29 vs Calgary,Thurs. October 18 vs Pittsburgh,Wed. October 3 vs Montreal
487,Thurs. November 1 vs Dallas,Thurs. October 18 vs Pittsburgh,
488,Wed. October 3 vs Montreal,Sat. October 27 vs Winnipeg,Thurs. October 18 vs Pittsburgh
489,Wed. October 3 vs Montreal,Sat. October 6 vs Ottawa,Thurs. October 18 vs Pittsburgh
490,Sat. October 6 vs Ottawa,Thurs. October 18 vs Pittsburgh,Thurs. November 1 vs Dallas
491,Thurs. October 18 vs Pittsburgh,Mon. October 29 vs Calgary,
492,Wed. October 3 vs Montreal,Sat. October 27 vs Winnipeg,Sat. October 20 vs St. Louis
493,Mon. October 15 vs Los Angeles,Thurs. November 1 vs Dallas,Thurs. October 18 vs Pittsburgh
494,Sat. October 27 vs Winnipeg,Thurs. October 18 vs Pittsburgh,Sat. October 6 vs Ottawa
495,Wed. October 3 vs Montreal,,
496,Wed. October 3 vs Montreal,Sat. October 27 vs Winnipeg,Thurs. October 18 vs Pittsburgh
497,Wed. October 3 vs Montreal,Sat. October 6 vs Ottawa,Thurs. October 18 vs Pittsburgh
498,Wed. October 3 vs Montreal,Sat. October 6 vs Ottawa,Thurs. October 18 vs Pittsburgh
499,Thurs. October 18 vs Pittsburgh,Thurs. November 1 vs Dallas,Sat. October 27 vs Winnipeg
500,Thurs. October 18 vs Pittsburgh,,
501,Sat. October 6 vs Ottawa,Sat. October 20 vs St. Louis,Sat. October 27 vs Winnipeg
502,Wed. October 3 vs Montreal,Mon. October 15 vs Los Angeles,Thurs. November 1 vs Dallas
503,Thurs. October 18 vs Pittsburgh,Mon. October 15 vs Los Angeles,
504,Sat. October 6 vs Ottawa,Sat. October 20 vs St. Louis,Wed. October 3 vs Montreal
505,Thurs. October 18 vs Pittsburgh,Sat. October 27 vs Winnipeg,Thurs. November 1 vs Dallas
506,Sat. October 27 vs Winnipeg,Sat. October 20 vs St. Louis,
507,Wed. October 3 vs Montreal,Thurs. November 1 vs Dallas,Sat. October 20 vs St. Louis
508,Thurs. October 18 vs Pittsburgh,Mon. October 29 vs Calgary,Sat. October 20 vs St. Louis
509,Wed. October 3 vs Montreal,Sat. October 20 vs St. Louis,Sat. October 27 vs Winnipeg
510,Sat. October 27 vs Winnipeg,Thurs. October 18 vs Pittsburgh,
511,Wed. October 3 vs Montreal,Sat. October 6 vs Ottawa,Sat. October 27 vs Winnipeg
512,Wed. October 3 vs Montreal,Thurs. October 18 vs Pittsburgh,Sat. October 27 vs Winnipeg
513,Sat. October 27 vs Winnipeg,Sat. October 6 vs Ottawa,
514,Thurs. October 18 vs Pittsburgh,Sat. October 6 vs Ottawa,Mon. October 15 vs Los Angeles
515,Sat. October 20 vs St. Louis,Wed. October 3 vs Montreal,Sat. October 6 vs Ottawa
516,Sat. October 6 vs Ottawa,Sat. October 27 vs Winnipeg,Sat. October 20 vs St. Louis
517,Sat. October 27 vs Winnipeg,Sat. October 20 vs St. Louis,Sat. October 6 vs Ottawa
518,Thurs. October 18 vs Pittsburgh,Thurs. November 1 vs Dallas,Sat. October 27 vs Winnipeg
519,Sat. October 20 vs St. Louis,Sat. October 27 vs Winnipeg,
520,Thurs. October 18 vs Pittsburgh,Sat. October 20 vs St. Louis,Sat. October 27 vs Winnipeg
521,Thurs. October 18 vs Pittsburgh,Mon. October 29 vs Calgary,Thurs. November 1 vs Dallas
522,Wed. October 3 vs Montreal,Mon. October 29 vs Calgary,Mon. October 15 vs Los Angeles
523,Wed. October 3 vs Montreal,,
524,Wed. October 3 vs Montreal,Thurs. October 18 vs Pittsburgh,Sat. October 27 vs Winnipeg
525,Wed. October 3 vs Montreal,,
526,Sat. October 6 vs Ottawa,Sat. October 20 vs St. Louis,
527,Wed. October 3 vs Montreal,Thurs. October 18 vs Pittsburgh,Sat. October 27 vs Winnipeg
528,Thurs. October 18 vs Pittsburgh,Sat. October 27 vs Winnipeg,Sat. October 20 vs St. Louis
529,Wed. October 3 vs Montreal,Thurs. October 18 vs Pittsburgh,
530,Sat. October 27 vs Winnipeg,Thurs. October 18 vs Pittsburgh,Sat. October 20 vs St. Louis
531,Sat. October 27 vs Winnipeg,Sat. October 20 vs St. Louis,Thurs. October 18 vs Pittsburgh
532,Sat. October 20 vs St. Louis,,
533,Wed. October 3 vs Montreal,Sat. October 27 vs Winnipeg,Thurs. November 1 vs Dallas
534,Wed. October 3 vs Montreal,Thurs. October 18 vs Pittsburgh,Mon. October 15 vs Los Angeles
535,Sat. October 27 vs Winnipeg,Thurs. October 18 vs Pittsburgh,Wed. October 3 vs Montreal
536,Sat. October 27 vs Winnipeg,Thurs. October 18 vs Pittsburgh,Sat. October 20 vs St. Louis
537,Wed. October 3 vs Montreal,Thurs. October 18 vs Pittsburgh,
538,Wed. October 3 vs Montreal,Thurs. October 18 vs Pittsburgh,Sat. October 6 vs Ottawa
539,Wed. October 3 vs Montreal,Thurs. October 18 vs Pittsburgh,
540,Sat. October 27 vs Winnipeg,Thurs. October 18 vs Pittsburgh,Sat. October 20 vs St. Louis
541,Sat. October 6 vs Ottawa,Sat. October 27 vs Winnipeg,Thurs. October 18 vs Pittsburgh
542,Thurs. October 18 vs Pittsburgh,Mon. October 29 vs Calgary,
543,Sat. October 20 vs St. Louis,Sat. October 27 vs Winnipeg,
544,Wed. October 3 vs Montreal,Sat. October 27 vs Winnipeg,Sat. October 6 vs Ottawa
545,Sat. October 27 vs Winnipeg,Wed. October 3 vs Montreal,Sat. October 6 vs Ottawa
546,Thurs. October 18 vs Pittsburgh,Mon. October 29 vs Calgary,Mon. October 15 vs Los Angeles
547,Wed. October 3 vs Montreal,Mon. October 29 vs Calgary,Thurs. October 18 vs Pittsburgh
548,Wed. October 3 vs Montreal,Sat. October 6 vs Ottawa,Thurs. October 18 vs Pittsburgh
549,Thurs. October 18 vs Pittsburgh,Sat. October 27 vs Winnipeg,Sat. October 20 vs St. Louis
550,Mon. October 29 vs Calgary,Sat. October 6 vs Ottawa,
551,Mon. October 29 vs Calgary,,
552,Thurs. November 1 vs Dallas,,
553,Sat. October 20 vs St. Louis,,
554,Thurs. October 18 vs Pittsburgh,,
555,Wed. October 3 vs Montreal,,
556,Thurs. November 1 vs Dallas,,
557,Wed. October 3 vs Montreal,,
558,Thurs. October 18 vs Pittsburgh,,
559,Mon. October 15 vs Los Angeles,,
560,Thurs. November 1 vs Dallas,,
561,Mon. October 15 vs Los Angeles,,
562,Wed. October 3 vs Montreal,Sat. October 6 vs Ottawa,Mon. October 29 vs Calgary
563,Thurs. November 1 vs Dallas,Sat. October 27 vs Winnipeg,
564,Thurs. November 1 vs Dallas,,
565,Sat. October 27 vs Winnipeg,Mon. October 29 vs Calgary,
566,Sat. October 20 vs St. Louis,Sat. October 27 vs Winnipeg,Mon. October 15 vs Los Angeles
567,Mon. October 15 vs Los Angeles,Sat. October 27 vs Winnipeg,
568,Sat. October 20 vs St. Louis,Thurs. October 18 vs Pittsburgh,Mon. October 15 vs Los Angeles
569,Wed. October 3 vs Montreal,Sat. October 20 vs St. Louis,Sat. October 27 vs Winnipeg
570,Thurs. November 1 vs Dallas,Thurs. October 18 vs Pittsburgh,Sat. October 27 vs Winnipeg
571,Wed. October 3 vs Montreal,Thurs. October 18 vs Pittsburgh,Mon. October 29 vs Calgary
572,Sat. October 20 vs St. Louis,,
573,Sat. October 6 vs Ottawa,Sat. October 20 vs St. Louis,Thurs. November 1 vs Dallas
574,Sat. October 27 vs Winnipeg,Wed. October 3 vs Montreal,Thurs. October 18 vs Pittsburgh
575,Wed. October 3 vs Montreal,Mon. October 15 vs Los Angeles,Mon. October 29 vs Calgary
576,Wed. October 3 vs Montreal,Sat. October 27 vs Winnipeg,Sat. October 20 vs St. Louis
577,Sat. October 20 vs St. Louis,Sat. October 27 vs Winnipeg,
578,Sat. October 6 vs Ottawa,Sat. October 27 vs Winnipeg,Sat. October 20 vs St. Louis
579,Wed. October 3 vs Montreal,Thurs. October 18 vs Pittsburgh,Sat. October 27 vs Winnipeg
580,Thurs. October 18 vs Pittsburgh,Mon. October 29 vs Calgary,
581,Sat. October 27 vs Winnipeg,Mon. October 15 vs Los Angeles,
582,Wed. October 3 vs Montreal,,
583,Sat. October 27 vs Winnipeg,Sat. October 20 vs St. Louis,Thurs. October 18 vs Pittsburgh
584,Thurs. October 18 vs Pittsburgh,Sat. October 27 vs Winnipeg,Sat. October 20 vs St. Louis
585,Wed. October 3 vs Montreal,Thurs. October 18 vs Pittsburgh,
586,Sat. October 27 vs Winnipeg,Thurs. October 18 vs Pittsburgh,Sat. October 20 vs St. Louis
587,Sat. October 27 vs Winnipeg,Sat. October 20 vs St. Louis,Thurs. October 18 vs Pittsburgh
588,Sat. October 20 vs St. Louis,,
589,Wed. October 3 vs Montreal,Sat. October 27 vs Winnipeg,Thurs. November 1 vs Dallas
590,Wed. October 3 vs Montreal,Thurs. October 18 vs Pittsburgh,Mon. October 15 vs Los Angeles
591,Sat. October 27 vs Winnipeg,Thurs. October 18 vs Pittsburgh,Wed. October 3 vs Montreal
592,Sat. October 27 vs Winnipeg,Thurs. October 18 vs Pittsburgh,Sat. October 20 vs St. Louis
593,Wed. October 3 vs Montreal,Thurs. October 18 vs Pittsburgh,
594,Wed. October 3 vs Montreal,Thurs. October 18 vs Pittsburgh,Sat. October 6 vs Ottawa
595,Wed. October 3 vs Montreal,Thurs. October 18 vs Pittsburgh,
596,Sat. October 27 vs Winnipeg,Thurs. October 18 vs Pittsburgh,Sat. October 20 vs St. Louis
597,Sat. October 6 vs Ottawa,Sat. October 27 vs Winnipeg,Thurs. October 18 vs Pittsburgh
598,Thurs. October 18 vs Pittsburgh,Mon. October 29 vs Calgary,
599,Sat. October 20 vs St. Louis,Sat. October 27 vs Winnipeg,
600,Wed. October 3 vs Montreal,Sat. October 27 vs Winnipeg,Sat. October 6 vs Ottawa
601,Sat. October 27 vs Winnipeg,Wed. October 3 vs Montreal,Sat. October 6 vs Ottawa
602,Thurs. October 18 vs Pittsburgh,Mon. October 29 vs Calgary,Mon. October 15 vs Los Angeles
603,Wed. October 3 vs Montreal,Mon. October 29 vs Calgary,Thurs. October 18 vs Pittsburgh
604,Wed. October 3 vs Montreal,Sat. October 6 vs Ottawa,Thurs. October 18 vs Pittsburgh
605,Thurs. October 18 vs Pittsburgh,Sat. October 27 vs Winnipeg,Sat. October 20 vs St. Louis
606,Mon. October 29 vs Calgary,Sat. October 6 vs Ottawa,
607,Mon. October 29 vs Calgary,,
608,Thurs. November 1 vs Dallas,,
609,Sat. October 20 vs St. Louis,,
610,Thurs. October 18 vs Pittsburgh,,
611,Wed. October 3 vs Montreal,,
612,Thurs. November 1 vs Dallas,,
613,Wed. October 3 vs Montreal,,
614,Mon. October 29 vs Calgary,Thurs. October 18 vs Pittsburgh,Wed. October 3 vs Montreal
615,Thurs. November 1 vs Dallas,Thurs. October 18 vs Pittsburgh,
616,Wed. October 3 vs Montreal,Sat. October 27 vs Winnipeg,Thurs. October 18 vs Pittsburgh
617,Wed. October 3 vs Montreal,Sat. October 6 vs Ottawa,Thurs. October 18 vs Pittsburgh
618,Sat. October 6 vs Ottawa,Thurs. October 18 vs Pittsburgh,Thurs. November 1 vs Dallas
619,Thurs. October 18 vs Pittsburgh,Mon. October 29 vs Calgary,
620,Wed. October 3 vs Montreal,Sat. October 27 vs Winnipeg,Sat. October 20 vs St. Louis
621,Mon. October 15 vs Los Angeles,Thurs. November 1 vs Dallas,Thurs. October 18 vs Pittsburgh
622,Sat. October 27 vs Winnipeg,Thurs. October 18 vs Pittsburgh,Sat. October 6 vs Ottawa
623,Wed. October 3 vs Montreal,,
624,Wed. October 3 vs Montreal,Sat. October 27 vs Winnipeg,Thurs. October 18 vs Pittsburgh
625,Wed. October 3 vs Montreal,Sat. October 6 vs Ottawa,Thurs. October 18 vs Pittsburgh
626,Wed. October 3 vs Montreal,Sat. October 6 vs Ottawa,Thurs. October 18 vs Pittsburgh
627,Thurs. October 18 vs Pittsburgh,Thurs. November 1 vs Dallas,Sat. October 27 vs Winnipeg
628,Thurs. October 18 vs Pittsburgh,,
629,Sat. October 6 vs Ottawa,Sat. October 20 vs St. Louis,Sat. October 27 vs Winnipeg
630,Wed. October 3 vs Montreal,Mon. October 15 vs Los Angeles,Thurs. November 1 vs Dallas
631,Thurs. October 18 vs Pittsburgh,Mon. October 15 vs Los Angeles,
632,Sat. October 6 vs Ottawa,Sat. October 20 vs St. Louis,Wed. October 3 vs Montreal
633,Thurs. October 18 vs Pittsburgh,Sat. October 27 vs Winnipeg,Thurs. November 1 vs Dallas
634,Sat. October 27 vs Winnipeg,Sat. October 20 vs St. Louis,
635,Wed. October 3 vs Montreal,Thurs. November 1 vs Dallas,Sat. October 20 vs St. Louis
636,Thurs. October 18 vs Pittsburgh,Mon. October 29 vs Calgary,Sat. October 20 vs St. Louis
637,Wed. October 3 vs Montreal,Sat. October 20 vs St. Louis,Sat. October 27 vs Winnipeg
638,Sat. October 27 vs Winnipeg,Thurs. October 18 vs Pittsburgh,
639,Wed. October 3 vs Montreal,Sat. October 6 vs Ottawa,Sat. October 27 vs Winnipeg
640,Wed. October 3 vs Montreal,Thurs. October 18 vs Pittsburgh,Sat. October 27 vs Winnipeg
641,Sat. October 27 vs Winnipeg,Sat. October 6 vs Ottawa,
642,Thurs. October 18 vs Pittsburgh,Sat. October 6 vs Ottawa,Mon. October 15 vs Los Angeles
643,Sat. October 20 vs St. Louis,Wed. October 3 vs Montreal,Sat. October 6 vs Ottawa
644,Sat. October 6 vs Ottawa,Sat. October 27 vs Winnipeg,Sat. October 20 vs St. Louis
645,Sat. October 27 vs Winnipeg,Sat. October 20 vs St. Louis,Sat. October 6 vs Ottawa
646,Thurs. October 18 vs Pittsburgh,Thurs. November 1 vs Dallas,Sat. October 27 vs Winnipeg
647,Sat. October 20 vs St. Louis,Sat. October 27 vs Winnipeg,
648,Thurs. October 18 vs Pittsburgh,Sat. October 20 vs St. Louis,Sat. October 27 vs Winnipeg
649,Thurs. October 18 vs Pittsburgh,Mon. October 29 vs Calgary,Thurs. November 1 vs Dallas
650,Wed. October 3 vs Montreal,Mon. October 29 vs Calgary,Mon. October 15 vs Los Angeles
651,Wed. October 3 vs Montreal,,
652,Wed. October 3 vs Montreal,Sat. October 6 vs Ottawa,Sat. October 20 vs St. Louis
653,Wed. October 3 vs Montreal,,
654,Sat. October 27 vs Winnipeg,Mon. October 29 vs Calgary,
655,Thurs. October 18 vs Pittsburgh,Wed. October 3 vs Montreal,Sat. October 27 vs Winnipeg
656,Mon. October 15 vs Los Angeles,Thurs. October 18 vs Pittsburgh,Sat. October 27 vs Winnipeg
657,Thurs. October 18 vs Pittsburgh,Sat. October 20 vs St. Louis,Mon. October 15 vs Los Angeles
658,Sat. October 6 vs Ottawa,Sat. October 27 vs Winnipeg,Wed. October 3 vs Montreal
659,Wed. October 3 vs Montreal,Thurs. October 18 vs Pittsburgh,
660,Wed. October 3 vs Montreal,Sat. October 27 vs Winnipeg,Thurs. October 18 vs Pittsburgh
661,Wed. October 3 vs Montreal,Sat. October 27 vs Winnipeg,
662,Sat. October 6 vs Ottawa,Sat. October 27 vs Winnipeg,Sat. October 20 vs St. Louis
663,Sat. October 27 vs Winnipeg,Sat. October 20 vs St. Louis,Mon. October 29 vs Calgary
664,Sat. October 20 vs St. Louis,Sat. October 27 vs Winnipeg,Thurs. November 1 vs Dallas
665,Thurs. October 18 vs Pittsburgh,Wed. October 3 vs Montreal,Mon. October 15 vs Los Angeles
666,Wed. October 3 vs Montreal,Sat. October 6 vs Ottawa,Mon. October 29 vs Calgary
667,Thurs. November 1 vs Dallas,Sat. October 27 vs Winnipeg,
668,Thurs. November 1 vs Dallas,,
669,Sat. October 27 vs Winnipeg,Mon. October 29 vs Calgary,
670,Sat. October 20 vs St. Louis,Sat. October 27 vs Winnipeg,Mon. October 15 vs Los Angeles
671,Mon. October 15 vs Los Angeles,Sat. October 27 vs Winnipeg,
672,Sat. October 20 vs St. Louis,Thurs. October 18 vs Pittsburgh,Mon. October 15 vs Los Angeles
673,Wed. October 3 vs Montreal,Sat. October 20 vs St. Louis,Sat. October 27 vs Winnipeg
674,Thurs. November 1 vs Dallas,Thurs. October 18 vs Pittsburgh,Sat. October 27 vs Winnipeg
675,Wed. October 3 vs Montreal,Thurs. October 18 vs Pittsburgh,Mon. October 29 vs Calgary
676,Sat. October 20 vs St. Louis,,
677,Sat. October 6 vs Ottawa,Sat. October 20 vs St. Louis,Thurs. November 1 vs Dallas
678,Sat. October 27 vs Winnipeg,Wed. October 3 vs Montreal,Thurs. October 18 vs Pittsburgh
679,Wed. October 3 vs Montreal,Mon. October 15 vs Los Angeles,Mon. October 29 vs Calgary
680,Wed. October 3 vs Montreal,Sat. October 27 vs Winnipeg,Sat. October 20 vs St. Louis
681,Sat. October 20 vs St. Louis,Sat. October 27 vs Winnipeg,
682,Sat. October 6 vs Ottawa,Sat. October 27 vs Winnipeg,Sat. October 20 vs St. Louis
683,Wed. October 3 vs Montreal,Thurs. October 18 vs Pittsburgh,Sat. October 27 vs Winnipeg
684,Thurs. October 18 vs Pittsburgh,Mon. October 29 vs Calgary,
685,Sat. October 27 vs Winnipeg,Mon. October 15 vs Los Angeles,
686,Wed. October 3 vs Montreal,,
687,Sat. October 27 vs Winnipeg,Sat. October 20 vs St. Louis,Thurs. October 18 vs Pittsburgh
688,Wed. October 3 vs Montreal,Sat. October 20 vs St. Louis,Thurs. October 18 vs Pittsburgh
689,Sat. October 27 vs Winnipeg,Mon. October 15 vs Los Angeles,Mon. October 29 vs Calgary
690,Wed. October 3 vs Montreal,Thurs. October 18 vs Pittsburgh,Thurs. November 1 vs Dallas
691,Mon. October 29 vs Calgary,Thurs. October 18 vs Pittsburgh,Thurs. November 1 vs Dallas
692,Sat. October 27 vs Winnipeg,Sat. October 20 vs St. Louis,Thurs. November 1 vs Dallas
693,Wed. October 3 vs Montreal,Thurs. October 18 vs Pittsburgh,Sat. October 20 vs St. Louis
694,Sat. October 27 vs Winnipeg,Sat. October 20 vs St. Louis,
695,Sat. October 27 vs Winnipeg,Wed. October 3 vs Montreal,
696,Thurs. October 18 vs Pittsburgh,Thurs. November 1 vs Dallas,
697,Wed. October 3 vs Montreal,Sat. October 6 vs Ottawa,Sat. October 27 vs Winnipeg
698,Thurs. November 1 vs Dallas,Thurs. October 18 vs Pittsburgh,
699,Sat. October 27 vs Winnipeg,Sat. October 20 vs St. Louis,Thurs. October 18 vs Pittsburgh
700,Sat. October 6 vs Ottawa,,
701,Wed. October 3 vs Montreal,Sat. October 27 vs Winnipeg,
702,Wed. October 3 vs Montreal,Thurs. October 18 vs Pittsburgh,Thurs. October 18 vs Pittsburgh
703,Mon. October 29 vs Calgary,Thurs. October 18 vs Pittsburgh,Wed. October 3 vs Montreal
704,Thurs. November 1 vs Dallas,Thurs. October 18 vs Pittsburgh,
705,Wed. October 3 vs Montreal,Sat. October 27 vs Winnipeg,Thurs. October 18 vs Pittsburgh
706,Wed. October 3 vs Montreal,Sat. October 6 vs Ottawa,Thurs. October 18 vs Pittsburgh
707,Sat. October 6 vs Ottawa,Thurs. October 18 vs Pittsburgh,Thurs. November 1 vs Dallas
708,Thurs. October 18 vs Pittsburgh,Mon. October 29 vs Calgary,
709,Wed. October 3 vs Montreal,Sat. October 27 vs Winnipeg,Sat. October 20 vs St. Louis
710,Mon. October 15 vs Los Angeles,Thurs. November 1 vs Dallas,Thurs. October 18 vs Pittsburgh
711,Sat. October 27 vs Winnipeg,Thurs. October 18 vs Pittsburgh,Sat. October 6 vs Ottawa
712,Wed. October 3 vs Montreal,,
713,Wed. October 3 vs Montreal,Sat. October 27 vs Winnipeg,Thurs. October 18 vs Pittsburgh
714,Wed. October 3 vs Montreal,Sat. October 6 vs Ottawa,Thurs. October 18 vs Pittsburgh
715,Wed. October 3 vs Montreal,Sat. October 6 vs Ottawa,Thurs. October 18 vs Pittsburgh
716,Thurs. October 18 vs Pittsburgh,Thurs. November 1 vs Dallas,Sat. October 27 vs Winnipeg
717,Thurs. October 18 vs Pittsburgh,,
718,Sat. October 6 vs Ottawa,Sat. October 20 vs St. Louis,Sat. October 27 vs Winnipeg
719,Wed. October 3 vs Montreal,Mon. October 15 vs Los Angeles,Thurs. November 1 vs Dallas
720,Thurs. October 18 vs Pittsburgh,Mon. October 15 vs Los Angeles,
721,Sat. October 6 vs Ottawa,Sat. October 20 vs St. Louis,Wed. October 3 vs Montreal
722,Thurs. October 18 vs Pittsburgh,Sat. October 27 vs Winnipeg,Thurs. November 1 vs Dallas
723,Sat. October 27 vs Winnipeg,Sat. October 20 vs St. Louis,
724,Wed. October 3 vs Montreal,Thurs. November 1 vs Dallas,Sat. October 20 vs St. Louis
725,Thurs. October 18 vs Pittsburgh,Mon. October 29 vs Calgary,Sat. October 20 vs St. Louis
726,Wed. October 3 vs Montreal,Sat. October 20 vs St. Louis,Sat. October 27 vs Winnipeg
727,Sat. October 27 vs Winnipeg,Thurs. October 18 vs Pittsburgh,
728,Wed. October 3 vs Montreal,Sat. October 6 vs Ottawa,Sat. October 27 vs Winnipeg
729,Wed. October 3 vs Montreal,Thurs. October 18 vs Pittsburgh,Sat. October 27 vs Winnipeg
730,Sat. October 27 vs Winnipeg,Sat. October 6 vs Ottawa,
731,Thurs. October 18 vs Pittsburgh,Sat. October 6 vs Ottawa,Mon. October 15 vs Los Angeles
732,Sat. October 20 vs St. Louis,Wed. October 3 vs Montreal,Sat. October 6 vs Ottawa
733,Sat. October 6 vs Ottawa,Sat. October 27 vs Winnipeg,Sat. October 20 vs St. Louis
734,Sat. October 27 vs Winnipeg,Sat. October 20 vs St. Louis,Sat. October 6 vs Ottawa
735,Thurs. October 18 vs Pittsburgh,Thurs. November 1 vs Dallas,Sat. October 27 vs Winnipeg
736,Sat. October 20 vs St. Louis,Sat. October 27 vs Winnipeg,
737,Thurs. October 18 vs Pittsburgh,Sat. October 20 vs St. Louis,Sat. October 27 vs Winnipeg
738,Thurs. October 18 vs Pittsburgh,Mon. October 29 vs Calgary,Thurs. November 1 vs Dallas
739,Wed. October 3 vs Montreal,Mon. October 29 vs Calgary,Mon. October 15 vs Los Angeles
740,Wed. October 3 vs Montreal,,
741,Wed. October 3 vs Montreal,Thurs. October 18 vs Pittsburgh,Sat. October 27 vs Winnipeg
742,Wed. October 3 vs Montreal,,
743,Sat. October 6 vs Ottawa,Sat. October 20 vs St. Louis,
744,Wed. October 3 vs Montreal,Thurs. October 18 vs Pittsburgh,Sat. October 27 vs Winnipeg
745,Thurs. October 18 vs Pittsburgh,Sat. October 27 vs Winnipeg,Sat. October 20 vs St. Louis
746,Wed. October 3 vs Montreal,Thurs. October 18 vs Pittsburgh,
747,Sat. October 27 vs Winnipeg,Thurs. October 18 vs Pittsburgh,Sat. October 20 vs St. Louis
748,Sat. October 27 vs Winnipeg,Sat. October 20 vs St. Louis,Thurs. October 18 vs Pittsburgh
749,Sat. October 20 vs St. Louis,,
750,Wed. October 3 vs Montreal,Sat. October 27 vs Winnipeg,Thurs. November 1 vs Dallas
751,Wed. October 3 vs Montreal,Thurs. October 18 vs Pittsburgh,Mon. October 15 vs Los Angeles
752,Sat. October 27 vs Winnipeg,Thurs. October 18 vs Pittsburgh,Wed. October 3 vs Montreal
753,Sat. October 27 vs Winnipeg,Thurs. October 18 vs Pittsburgh,Sat. October 20 vs St. Louis
754,Wed. October 3 vs Montreal,Thurs. October 18 vs Pittsburgh,
755,Wed. October 3 vs Montreal,Thurs. October 18 vs Pittsburgh,Sat. October 6 vs Ottawa
756,Wed. October 3 vs Montreal,Thurs. October 18 vs Pittsburgh,
757,Sat. October 27 vs Winnipeg,Thurs. October 18 vs Pittsburgh,Sat. October 20 vs St. Louis
758,Sat. October 6 vs Ottawa,Sat. October 27 vs Winnipeg,Thurs. October 18 vs Pittsburgh
759,Thurs. October 18 vs Pittsburgh,Mon. October 29 vs Calgary,
760,Sat. October 20 vs St. Louis,Sat. October 27 vs Winnipeg,
761,Wed. October 3 vs Montreal,Sat. October 27 vs Winnipeg,Sat. October 6 vs Ottawa
762,Sat. October 27 vs Winnipeg,Wed. October 3 vs Montreal,Sat. October 6 vs Ottawa
763,Thurs. October 18 vs Pittsburgh,Mon. October 29 vs Calgary,Mon. October 15 vs Los Angeles
764,Wed. October 3 vs Montreal,Mon. October 29 vs Calgary,Thurs. October 18 vs Pittsburgh
765,Wed. October 3 vs Montreal,Sat. October 6 vs Ottawa,Thurs. October 18 vs Pittsburgh
766,Thurs. October 18 vs Pittsburgh,Sat. October 27 vs Winnipeg,Sat. October 20 vs St. Louis
767,Mon. October 29 vs Calgary,Sat. October 6 vs Ottawa,
768,Mon. October 29 vs Calgary,,
769,Thurs. November 1 vs Dallas,,
770,Sat. October 20 vs St. Louis,,
771,Thurs. October 18 vs Pittsburgh,,
772,Wed. October 3 vs Montreal,,
773,Thurs. November 1 vs Dallas,,
774,Wed. October 3 vs Montreal,,
775,Thurs. October 18 vs Pittsburgh,,
776,Mon. October 15 vs Los Angeles,,
777,Thurs. November 1 vs Dallas,,
778,Mon. October 15 vs Los Angeles,,
779,Wed. October 3 vs Montreal,Sat. October 6 vs Ottawa,Mon. October 29 vs Calgary
780,Thurs. November 1 vs Dallas,Sat. October 27 vs Winnipeg,
781,Thurs. November 1 vs Dallas,,
782,Sat. October 27 vs Winnipeg,Mon. October 29 vs Calgary,
783,Sat. October 20 vs St. Louis,Sat. October 27 vs Winnipeg,Mon. October 15 vs Los Angeles
784,Mon. October 15 vs Los Angeles,Sat. October 27 vs Winnipeg,
785,Sat. October 20 vs St. Louis,Thurs. October 18 vs Pittsburgh,Mon. October 15 vs Los Angeles
786,Wed. October 3 vs Montreal,Sat. October 20 vs St. Louis,Sat. October 27 vs Winnipeg
787,Thurs. November 1 vs Dallas,Thurs. October 18 vs Pittsburgh,Sat. October 27 vs Winnipeg
788,Wed. October 3 vs Montreal,Thurs. October 18 vs Pittsburgh,Mon. October 29 vs Calgary
789,Sat. October 20 vs St. Louis,,
790,Sat. October 6 vs Ottawa,Sat. October 20 vs St. Louis,Thurs. November 1 vs Dallas
791,Sat. October 27 vs Winnipeg,Wed. October 3 vs Montreal,Thurs. October 18 vs Pittsburgh
792,Wed. October 3 vs Montreal,Mon. October 15 vs Los Angeles,Mon. October 29 vs Calgary
793,Wed. October 3 vs Montreal,Sat. October 27 vs Winnipeg,Sat. October 20 vs St. Louis
794,Sat. October 20 vs St. Louis,Sat. October 27 vs Winnipeg,
795,Sat. October 6 vs Ottawa,Sat. October 27 vs Winnipeg,Sat. October 20 vs St. Louis
796,Wed. October 3 vs Montreal,Thurs. October 18 vs Pittsburgh,Sat. October 27 vs Winnipeg
797,Thurs. October 18 vs Pittsburgh,Mon. October 29 vs Calgary,
798,Sat. October 27 vs Winnipeg,Mon. October 15 vs Los Angeles,
799,Wed. October 3 vs Montreal,,
800,Sat. October 27 vs Winnipeg,Sat. October 20 vs St. Louis,Thurs. October 18 vs Pittsburgh
801,Thurs. October 18 vs Pittsburgh,Sat. October 27 vs Winnipeg,Sat. October 20 vs St. Louis
802,Wed. October 3 vs Montreal,Thurs. October 18 vs Pittsburgh,
803,Sat. October 27 vs Winnipeg,Thurs. October 18 vs Pittsburgh,Sat. October 20 vs St. Louis
804,Sat. October 27 vs Winnipeg,Sat. October 20 vs St. Louis,Thurs. October 18 vs Pittsburgh
805,Sat. October 20 vs St. Louis,,
806,Wed. October 3 vs Montreal,Sat. October 27 vs Winnipeg,Thurs. November 1 vs Dallas
807,Wed. October 3 vs Montreal,Thurs. October 18 vs Pittsburgh,Mon. October 15 vs Los Angeles
808,Sat. October 27 vs Winnipeg,Thurs. October 18 vs Pittsburgh,Wed. October 3 vs Montreal
809,Sat. October 27 vs Winnipeg,Thurs. October 18 vs Pittsburgh,Sat. October 20 vs St. Louis
810,Wed. October 3 vs Montreal,Thurs. October 18 vs Pittsburgh,
811,Wed. October 3 vs Montreal,Thurs. October 18 vs Pittsburgh,Sat. October 6 vs Ottawa
812,Wed. October 3 vs Montreal,Thurs. October 18 vs Pittsburgh,
813,Sat. October 27 vs Winnipeg,Thurs. October 18 vs Pittsburgh,Sat. October 20 vs St. Louis
814,Sat. October 6 vs Ottawa,Sat. October 27 vs Winnipeg,Thurs. October 18 vs Pittsburgh
815,Thurs. October 18 vs Pittsburgh,Mon. October 29 vs Calgary,
816,Sat. October 20 vs St. Louis,Sat. October 27 vs Winnipeg,
817,Wed. October 3 vs Montreal,Sat. October 27 vs Winnipeg,Sat. October 6 vs Ottawa
818,Sat. October 27 vs Winnipeg,Wed. October 3 vs Montreal,Sat. October 6 vs Ottawa
819,Thurs. October 18 vs Pittsburgh,Mon. October 29 vs Calgary,Mon. October 15 vs Los Angeles
820,Wed. October 3 vs Montreal,Mon. October 29 vs Calgary,Thurs. October 18 vs Pittsburgh
821,Wed. October 3 vs Montreal,Sat. October 6 vs Ottawa,Thurs. October 18 vs Pittsburgh
822,Thurs. October 18 vs Pittsburgh,Sat. October 27 vs Winnipeg,Sat. October 20 vs St. Louis
823,Mon. October 29 vs Calgary,Sat. October 6 vs Ottawa,
824,Mon. October 29 vs Calgary,,
825,Thurs. November 1 vs Dallas,,
826,Sat. October 20 vs St. Louis,,
827,Thurs. October 18 vs Pittsburgh,,
828,Wed. October 3 vs Montreal,,
829,Thurs. November 1 vs Dallas,,
830,Wed. October 3 vs Montreal,,
831,Mon. October 29 vs Calgary,Thurs. October 18 vs Pittsburgh,Wed. October 3 vs Montreal
832,Thurs. November 1 vs Dallas,Thurs. October 18 vs Pittsburgh,
833,Wed. October 3 vs Montreal,Sat. October 27 vs Winnipeg,Thurs. October 18 vs Pittsburgh
834,Wed. October 3 vs Montreal,Sat. October 6 vs Ottawa,Thurs. October 18 vs Pittsburgh
835,Sat. October 6 vs Ottawa,Thurs. October 18 vs Pittsburgh,Thurs. November 1 vs Dallas
836,Thurs. October 18 vs Pittsburgh,Mon. October 29 vs Calgary,
837,Wed. October 3 vs Montreal,Sat. October 27 vs Winnipeg,Sat. October 20 vs St. Louis
838,Mon. October 15 vs Los Angeles,Thurs. November 1 vs Dallas,Thurs. October 18 vs Pittsburgh
839,Sat. October 27 vs Winnipeg,Thurs. October 18 vs Pittsburgh,Sat. October 6 vs Ottawa
840,Wed. October 3 vs Montreal,,
841,Wed. October 3 vs Montreal,Sat. October 27 vs Winnipeg,Thurs. October 18 vs Pittsburgh
842,Wed. October 3 vs Montreal,Sat. October 6 vs Ottawa,Thurs. October 18 vs Pittsburgh
843,Wed. October 3 vs Montreal,Sat. October 6 vs Ottawa,Thurs. October 18 vs Pittsburgh
844,Thurs. October 18 vs Pittsburgh,Thurs. November 1 vs Dallas,Sat. October 27 vs Winnipeg
845,Thurs. October 18 vs Pittsburgh,,
846,Sat. October 6 vs Ottawa,Sat. October 20 vs St. Louis,Sat. October 27 vs Winnipeg
847,Wed. October 3 vs Montreal,Mon. October 15 vs Los Angeles,Thurs. November 1 vs Dallas
848,Thurs. October 18 vs Pittsburgh,Mon. October 15 vs Los Angeles,
849,Sat. October 6 vs Ottawa,Sat. October 20 vs St. Louis,Wed. October 3 vs Montreal
850,Thurs. October 18 vs Pittsburgh,Sat. October 27 vs Winnipeg,Thurs. November 1 vs Dallas
851,Sat. October 27 vs Winnipeg,Sat. October 20 vs St. Louis,
852,Wed. October 3 vs Montreal,Thurs. November 1 vs Dallas,Sat. October 20 vs St. Louis
853,Thurs. October 18 vs Pittsburgh,Mon. October 29 vs Calgary,Sat. October 20 vs St. Louis
854,Wed. October 3 vs Montreal,Sat. October 20 vs St. Louis,Sat. October 27 vs Winnipeg
855,Sat. October 27 vs Winnipeg,Thurs. October 18 vs Pittsburgh,
856,Wed. October 3 vs Montreal,Sat. October 6 vs Ottawa,Sat. October 27 vs Winnipeg
857,Wed. October 3 vs Montreal,Thurs. October 18 vs Pittsburgh,Sat. October 27 vs Winnipeg
858,Sat. October 27 vs Winnipeg,Sat. October 6 vs Ottawa,
859,Thurs. October 18 vs Pittsburgh,Sat. October 6 vs Ottawa,Mon. October 15 vs Los Angeles
860,Sat. October 20 vs St. Louis,Wed. October 3 vs Montreal,Sat. October 6 vs Ottawa
861,Sat. October 6 vs Ottawa,Sat. October 27 vs Winnipeg,Sat. October 20 vs St. Louis
862,Sat. October 27 vs Winnipeg,Sat. October 20 vs St. Louis,Sat. October 6 vs Ottawa
863,Thurs. October 18 vs Pittsburgh,Thurs. November 1 vs Dallas,Sat. October 27 vs Winnipeg
864,Sat. October 20 vs St. Louis,Sat. October 27 vs Winnipeg,
865,Thurs. October 18 vs Pittsburgh,Sat. October 20 vs St. Louis,Sat. October 27 vs Winnipeg
866,Thurs. October 18 vs Pittsburgh,Mon. October 29 vs Calgary,Thurs. November 1 vs Dallas
867,Wed. October 3 vs Montreal,Mon. October 29 vs Calgary,Mon. October 15 vs Los Angeles
868,Wed. October 3 vs Montreal,,
869,Wed. October 3 vs Montreal,Sat. October 6 vs Ottawa,Sat. October 20 vs St. Louis
870,Wed. October 3 vs Montreal,,
871,Sat. October 27 vs Winnipeg,Mon. October 29 vs Calgary,
872,Thurs. October 18 vs Pittsburgh,Wed. October 3 vs Montreal,Sat. October 27 vs Winnipeg
873,Mon. October 15 vs Los Angeles,Thurs. October 18 vs Pittsburgh,Sat. October 27 vs Winnipeg
874,Thurs. October 18 vs Pittsburgh,Sat. October 20 vs St. Louis,Mon. October 15 vs Los Angeles
875,Sat. October 6 vs Ottawa,Sat. October 27 vs Winnipeg,Wed. October 3 vs Montreal
876,Wed. October 3 vs Montreal,Thurs. October 18 vs Pittsburgh,
877,Wed. October 3 vs Montreal,Sat. October 27 vs Winnipeg,Thurs. October 18 vs Pittsburgh
878,Wed. October 3 vs Montreal,Sat. October 27 vs Winnipeg,
879,Sat. October 6 vs Ottawa,Sat. October 27 vs Winnipeg,Sat. October 20 vs St. Louis
880,Sat. October 27 vs Winnipeg,Sat. October 20 vs St. Louis,Mon. October 29 vs Calgary
881,Sat. October 20 vs St. Louis,Sat. October 27 vs Winnipeg,Thurs. November 1 vs Dallas
882,Thurs. October 18 vs Pittsburgh,Wed. October 3 vs Montreal,Mon. October 15 vs Los Angeles
883,Wed. October 3 vs Montreal,Sat. October 6 vs Ottawa,Mon. October 29 vs Calgary
884,Thurs. November 1 vs Dallas,Sat. October 27 vs Winnipeg,
885,Thurs. November 1 vs Dallas,,
886,Sat. October 27 vs Winnipeg,Mon. October 29 vs Calgary,
887,Sat. October 20 vs St. Louis,Sat. October 27 vs Winnipeg,Mon. October 15 vs Los Angeles
888,Mon. October 15 vs Los Angeles,Sat. October 27 vs Winnipeg,
889,Sat. October 20 vs St. Louis,Thurs. October 18 vs Pittsburgh,Mon. October 15 vs Los Angeles
890,Wed. October 3 vs Montreal,Sat. October 20 vs St. Louis,Sat. October 27 vs Winnipeg
891,Thurs. November 1 vs Dallas,Thurs. October 18 vs Pittsburgh,Sat. October 27 vs Winnipeg
892,Wed. October 3 vs Montreal,Thurs. October 18 vs Pittsburgh,Mon. October 29 vs Calgary
893,Sat. October 20 vs St. Louis,,
894,Sat. October 6 vs Ottawa,Sat. October 20 vs St. Louis,Thurs. November 1 vs Dallas
895,Sat. October 27 vs Winnipeg,Wed. October 3 vs Montreal,Thurs. October 18 vs Pittsburgh
896,Wed. October 3 vs Montreal,Mon. October 15 vs Los Angeles,Mon. October 29 vs Calgary
897,Wed. October 3 vs Montreal,Sat. October 27 vs Winnipeg,Sat. October 20 vs St. Louis
898,Sat. October 20 vs St. Louis,Sat. October 27 vs Winnipeg,
899,Sat. October 6 vs Ottawa,Sat. October 27 vs Winnipeg,Sat. October 20 vs St. Louis
900,Wed. October 3 vs Montreal,Thurs. October 18 vs Pittsburgh,Sat. October 27 vs Winnipeg
901,Thurs. October 18 vs Pittsburgh,Mon. October 29 vs Calgary,
902,Sat. October 27 vs Winnipeg,Mon. October 15 vs Los Angeles,
903,Wed. October 3 vs Montreal,,
904,Sat. October 27 vs Winnipeg,Sat. October 20 vs St. Louis,Thurs. October 18 vs Pittsburgh
905,Wed. October 3 vs Montreal,Sat. October 20 vs St. Louis,Thurs. October 18 vs Pittsburgh
906,Sat. October 27 vs Winnipeg,Mon. October 15 vs Los Angeles,Mon. October 29 vs Calgary
907,Wed. October 3 vs Montreal,Thurs. October 18 vs Pittsburgh,Thurs. November 1 vs Dallas
908,Mon. October 29 vs Calgary,Thurs. October 18 vs Pittsburgh,Thurs. November 1 vs Dallas
909,Sat. October 27 vs Winnipeg,Sat. October 20 vs St. Louis,Thurs. November 1 vs Dallas
910,Wed. October 3 vs Montreal,Thurs. October 18 vs Pittsburgh,Sat. October 20 vs St. Louis
911,Sat. October 27 vs Winnipeg,Sat. October 20 vs St. Louis,
912,Sat. October 27 vs Winnipeg,Wed. October 3 vs Montreal,
913,Thurs. October 18 vs Pittsburgh,Thurs. November 1 vs Dallas,
914,Wed. October 3 vs Montreal,Sat. October 6 vs Ottawa,Sat. October 27 vs Winnipeg
915,Thurs. November 1 vs Dallas,Thurs. October 18 vs Pittsburgh,
916,Sat. October 27 vs Winnipeg,Sat. October 20 vs St. Louis,Thurs. October 18 vs Pittsburgh
917,Sat. October 6 vs Ottawa,,
918,Wed. October 3 vs Montreal,Sat. October 27 vs Winnipeg,
919,Wed. October 3 vs Montreal,Thurs. October 18 vs Pittsburgh,Thurs. October 18 vs Pittsburgh
920,Mon. October 29 vs Calgary,Thurs. October 18 vs Pittsburgh,Wed. October 3 vs Montreal
921,Thurs. November 1 vs Dallas,Thurs. October 18 vs Pittsburgh,
922,Wed. October 3 vs Montreal,Sat. October 27 vs Winnipeg,Thurs. October 18 vs Pittsburgh
923,Wed. October 3 vs Montreal,Sat. October 6 vs Ottawa,Thurs. October 18 vs Pittsburgh
924,Sat. October 6 vs Ottawa,Thurs. October 18 vs Pittsburgh,Thurs. November 1 vs Dallas
925,Thurs. October 18 vs Pittsburgh,Mon. October 29 vs Calgary,
926,Wed. October 3 vs Montreal,Sat. October 27 vs Winnipeg,Sat. October 20 vs St. Louis
927,Mon. October 15 vs Los Angeles,Thurs. November 1 vs Dallas,Thurs. October 18 vs Pittsburgh
928,Sat. October 27 vs Winnipeg,Thurs. October 18 vs Pittsburgh,Sat. October 6 vs Ottawa
929,Wed. October 3 vs Montreal,,
930,Wed. October 3 vs Montreal,Sat. October 27 vs Winnipeg,Thurs. October 18 vs Pittsburgh
931,Wed. October 3 vs Montreal,Sat. October 6 vs Ottawa,Thurs. October 18 vs Pittsburgh
932,Wed. October 3 vs Montreal,Sat. October 6 vs Ottawa,Thurs. October 18 vs Pittsburgh
933,Thurs. October 18 vs Pittsburgh,Thurs. November 1 vs Dallas,Sat. October 27 vs Winnipeg
934,Thurs. October 18 vs Pittsburgh,,
935,Sat. October 6 vs Ottawa,Sat. October 20 vs St. Louis,Sat. October 27 vs Winnipeg
936,Wed. October 3 vs Montreal,Mon. October 15 vs Los Angeles,Thurs. November 1 vs Dallas
937,Thurs. October 18 vs Pittsburgh,Mon. October 15 vs Los Angeles,
938,Sat. October 6 vs Ottawa,Sat. October 20 vs St. Louis,Wed. October 3 vs Montreal
939,Thurs. October 18 vs Pittsburgh,Sat. October 27 vs Winnipeg,Thurs. November 1 vs Dallas
940,Sat. October 27 vs Winnipeg,Sat. October 20 vs St. Louis,
941,Wed. October 3 vs Montreal,Thurs. November 1 vs Dallas,Sat. October 20 vs St. Louis
942,Thurs. October 18 vs Pittsburgh,Mon. October 29 vs Calgary,Sat. October 20 vs St. Louis
943,Wed. October 3 vs Montreal,Sat. October 20 vs St. Louis,Sat. October 27 vs Winnipeg
944,Sat. October 27 vs Winnipeg,Thurs. October 18 vs Pittsburgh,
945,Wed. October 3 vs Montreal,Sat. October 6 vs Ottawa,Sat. October 27 vs Winnipeg
946,Wed. October 3 vs Montreal,Thurs. October 18 vs Pittsburgh,Sat. October 27 vs Winnipeg
947,Sat. October 27 vs Winnipeg,Sat. October 6 vs Ottawa,
948,Thurs. October 18 vs Pittsburgh,Sat. October 6 vs Ottawa,Mon. October 15 vs Los Angeles
949,Sat. October 20 vs St. Louis,Wed. October 3 vs Montreal,Sat. October 6 vs Ottawa
950,Sat. October 6 vs Ottawa,Sat. October 27 vs Winnipeg,Sat. October 20 vs St. Louis
951,Sat. October 27 vs Winnipeg,Sat. October 20 vs St. Louis,Sat. October 6 vs Ottawa
952,Thurs. October 18 vs Pittsburgh,Thurs. November 1 vs Dallas,Sat. October 27 vs Winnipeg
953,Sat. October 20 vs St. Louis,Sat. October 27 vs Winnipeg,
954,Thurs. October 18 vs Pittsburgh,Sat. October 20 vs St. Louis,Sat. October 27 vs Winnipeg
955,Thurs. October 18 vs Pittsburgh,Mon. October 29 vs Calgary,Thurs. November 1 vs Dallas
956,Wed. October 3 vs Montreal,Mon. October 29 vs Calgary,Mon. October 15 vs Los Angeles
957,Wed. October 3 vs Montreal,,
958,Wed. October 3 vs Montreal,Thurs. October 18 vs Pittsburgh,Sat. October 27 vs Winnipeg
959,Wed. October 3 vs Montreal,,
960,Sat. October 6 vs Ottawa,Sat. October 20 vs St. Louis,
961,Wed. October 3 vs Montreal,Thurs. October 18 vs Pittsburgh,Sat. October 27 vs Winnipeg
962,Thurs. October 18 vs Pittsburgh,Sat. October 27 vs Winnipeg,Sat. October 20 vs St. Louis
963,Wed. October 3 vs Montreal,Thurs. October 18 vs Pittsburgh,
964,Sat. October 27 vs Winnipeg,Thurs. October 18 vs Pittsburgh,Sat. October 20 vs St. Louis
965,Sat. October 27 vs Winnipeg,Sat. October 20 vs St. Louis,Thurs. October 18 vs Pittsburgh
966,Sat. October 20 vs St. Louis,,
967,Wed. October 3 vs Montreal,Sat. October 27 vs Winnipeg,Thurs. November 1 vs Dallas
968,Wed. October 3 vs Montreal,Thurs. October 18 vs Pittsburgh,Mon. October 15 vs Los Angeles
969,Sat. October 27 vs Winnipeg,Thurs. October 18 vs Pittsburgh,Wed. October 3 vs Montreal
970,Sat. October 27 vs Winnipeg,Thurs. October 18 vs Pittsburgh,Sat. October 20 vs St. Louis
971,Wed. October 3 vs Montreal,Thurs. October 18 vs Pittsburgh,
972,Wed. October 3 vs Montreal,Thurs. October 18 vs Pittsburgh,Sat. October 6 vs Ottawa
973,Wed. October 3 vs Montreal,Thurs. October 18 vs Pittsburgh,
974,Sat. October 27 vs Winnipeg,Thurs. October 18 vs Pittsburgh,Sat. October 20 vs St. Louis
975,Sat. October 6 vs Ottawa,Sat. October 27 vs Winnipeg,Thurs. October 18 vs Pittsburgh
976,Thurs. October 18 vs Pittsburgh,Mon. October 29 vs Calgary,
977,Sat. October 20 vs St. Louis,Sat. October 27 vs Winnipeg,
978,Wed. October 3 vs Montreal,Sat. October 27 vs Winnipeg,Sat. October 6 vs Ottawa
979,Sat. October 27 vs Winnipeg,Wed. October 3 vs Montreal,Sat. October 6 vs Ottawa
980,Thurs. October 18 vs Pittsburgh,Mon. October 29 vs Calgary,Mon. October 15 vs Los Angeles
981,Wed. October 3 vs Montreal,Mon. October 29 vs Calgary,Thurs. October 18 vs Pittsburgh
982,Wed. October 3 vs Montreal,Sat. October 6 vs Ottawa,Thurs. October 18 vs Pittsburgh
983,Thurs. October 18 vs Pittsburgh,Sat. October 27 vs Winnipeg,Sat. October 20 vs St. Louis
984,Mon. October 29 vs Calgary,Sat. October 6 vs Ottawa,
985,Mon. October 29 vs Calgary,,
986,Thurs. November 1 vs Dallas,,
987,Sat. October 20 vs St. Louis,,
988,Thurs. October 18 vs Pittsburgh,,
989,Wed. October 3 vs Montreal,,
990,Thurs. November 1 vs Dallas,,
991,Wed. October 3 vs Montreal,,
992,Thurs. October 18 vs Pittsburgh,,
993,Mon. October 15 vs Los Angeles,,
994,Thurs. November 1 vs Dallas,,
995,Mon. October 15 vs Los Angeles,,
996,Wed. October 3 vs Montreal,Sat. October 6 vs Ottawa,Mon. October 29 vs Calgary
997,Thurs. November 1 vs Dallas,Sat. October 27 vs Winnipeg,
998,Thurs. November 1 vs Dallas,,
999,Sat. October 27 vs Winnipeg,Mon. October 29 vs Calgary,
1000,Sat. October 20 vs St. Louis,Sat. October 27 vs Winnipeg,Mon. October 15 vs Los Angeles
1001,Mon. October 15 vs Los Angeles,Sat. October 27 vs Winnipeg,
1002,Sat. October 20 vs St. Louis,Thurs. October 18 vs Pittsburgh,Mon. October 15 vs Los Angeles
1003,Wed. October 3 vs Montreal,Sat. October 20 vs St. Louis,Sat. October 27 vs Winnipeg
1004,Thurs. November 1 vs Dallas,Thurs. October 18 vs Pittsburgh,Sat. October 27 vs Winnipeg
1005,Wed. October 3 vs Montreal,Thurs. October 18 vs Pittsburgh,Mon. October 29 vs Calgary
1006,Sat. October 20 vs St. Louis,,
1007,Sat. October 6 vs Ottawa,Sat. October 20 vs St. Louis,Thurs. November 1 vs Dallas
1008,Sat. October 27 vs Winnipeg,Wed. October 3 vs Montreal,Thurs. October 18 vs Pittsburgh
1009,Wed. October 3 vs Montreal,Mon. October 15 vs Los Angeles,Mon. October 29 vs Calgary
1010,Wed. October 3 vs Montreal,Sat. October 27 vs Winnipeg,Sat. October 20 vs St. Louis
1011,Sat. October 20 vs St. Louis,Sat. October 27 vs Winnipeg,
1012,Sat. October 6 vs Ottawa,Sat. October 27 vs Winnipeg,Sat. October 20 vs St. Louis
1013,Wed. October 3 vs Montreal,Thurs. October 18 vs Pittsburgh,Sat. October 27 vs Winnipeg
1014,Thurs. October 18 vs Pittsburgh,Mon. October 29 vs Calgary,
1015,Sat. October 27 vs Winnipeg,Mon. October 15 vs Los Angeles,
1016,Wed. October 3 vs Montreal,,
1017,Sat. October 27 vs Winnipeg,Sat. October 20 vs St. Louis,Thurs. October 18 vs Pittsburgh
1018,Thurs. October 18 vs Pittsburgh,Sat. October 27 vs Winnipeg,Sat. October 20 vs St. Louis
1019,Wed. October 3 vs Montreal,Thurs. October 18 vs Pittsburgh,
1020,Sat. October 27 vs Winnipeg,Thurs. October 18 vs Pittsburgh,Sat. October 20 vs St. Louis
1021,Sat. October 27 vs Winnipeg,Sat. October 20 vs St. Louis,Thurs. October 18 vs Pittsburgh
1022,Sat. October 20 vs St. Louis,,
1023,Wed. October 3 vs Montreal,Sat. October 27 vs Winnipeg,Thurs. November 1 vs Dallas
1024,Wed. October 3 vs Montreal,Thurs. October 18 vs Pittsburgh,Mon. October 15 vs Los Angeles
1025,Sat. October 27 vs Winnipeg,Thurs. October 18 vs Pittsburgh,Wed. October 3 vs Montreal
1026,Sat. October 27 vs Winnipeg,Thurs. October 18 vs Pittsburgh,Sat. October 20 vs St. Louis
1027,Wed. October 3 vs Montreal,Thurs. October 18 vs Pittsburgh,
1028,Wed. October 3 vs Montreal,Thurs. October 18 vs Pittsburgh,Sat. October 6 vs Ottawa
1029,Wed. October 3 vs Montreal,Thurs. October 18 vs Pittsburgh,
1030,Sat. October 27 vs Winnipeg,Thurs. October 18 vs Pittsburgh,Sat. October 20 vs St. Louis
1031,Sat. October 6 vs Ottawa,Sat. October 27 vs Winnipeg,Thurs. October 18 vs Pittsburgh
1032,Thurs. October 18 vs Pittsburgh,Mon. October 29 vs Calgary,
1033,Sat. October 20 vs St. Louis,Sat. October 27 vs Winnipeg,
1034,Wed. October 3 vs Montreal,Sat. October 27 vs Winnipeg,Sat. October 6 vs Ottawa
1035,Sat. October 27 vs Winnipeg,Wed. October 3 vs Montreal,Sat. October 6 vs Ottawa
1036,Thurs. October 18 vs Pittsburgh,Mon. October 29 vs Calgary,Mon. October 15 vs Los Angeles
1037,Wed. October 3 vs Montreal,Mon. October 29 vs Calgary,Thurs. October 18 vs Pittsburgh
1038,Wed. October 3 vs Montreal,Sat. October 6 vs Ottawa,Thurs. October 18 vs Pittsburgh
1039,Thurs. October 18 vs Pittsburgh,Sat. October 27 vs Winnipeg,Sat. October 20 vs St. Louis
1040,Mon. October 29 vs Calgary,Sat. October 6 vs Ottawa,
1041,Mon. October 29 vs Calgary,,
1042,Thurs. November 1 vs Dallas,,
1043,Sat. October 20 vs St. Louis,,
1044,Thurs. October 18 vs Pittsburgh,,
1045,Wed. October 3 vs Montreal,,
1046,Thurs. November 1 vs Dallas,,
1047,Wed. October 3 vs Montreal,,
1048,Mon. October 29 vs Calgary,Thurs. October 18 vs Pittsburgh,Wed. October 3 vs Montreal
1049,Thurs. November 1 vs Dallas,Thurs. October 18 vs Pittsburgh,
1050,Wed. October 3 vs Montreal,Sat. October 27 vs Winnipeg,Thurs. October 18 vs Pittsburgh
1051,Wed. October 3 vs Montreal,Sat. October 6 vs Ottawa,Thurs. October 18 vs Pittsburgh
1052,Sat. October 6 vs Ottawa,Thurs. October 18 vs Pittsburgh,Thurs. November 1 vs Dallas
1053,Thurs. October 18 vs Pittsburgh,Mon. October 29 vs Calgary,
1054,Wed. October 3 vs Montreal,Sat. October 27 vs Winnipeg,Sat. October 20 vs St. Louis
1055,Mon. October 15 vs Los Angeles,Thurs. November 1 vs Dallas,Thurs. October 18 vs Pittsburgh
1056,Sat. October 27 vs Winnipeg,Thurs. October 18 vs Pittsburgh,Sat. October 6 vs Ottawa
1057,Wed. October 3 vs Montreal,,
1058,Wed. October 3 vs Montreal,Sat. October 27 vs Winnipeg,Thurs. October 18 vs Pittsburgh
1059,Wed. October 3 vs Montreal,Sat. October 6 vs Ottawa,Thurs. October 18 vs Pittsburgh
1060,Wed. October 3 vs Montreal,Sat. October 6 vs Ottawa,Thurs. October 18 vs Pittsburgh
1061,Thurs. October 18 vs Pittsburgh,Thurs. November 1 vs Dallas,Sat. October 27 vs Winnipeg
1062,Thurs. October 18 vs Pittsburgh,,
1063,Sat. October 6 vs Ottawa,Sat. October 20 vs St. Louis,Sat. October 27 vs Winnipeg
1064,Wed. October 3 vs Montreal,Mon. October 15 vs Los Angeles,Thurs. November 1 vs Dallas
1065,Thurs. October 18 vs Pittsburgh,Mon. October 15 vs Los Angeles,
1066,Sat. October 6 vs Ottawa,Sat. October 20 vs St. Louis,Wed. October 3 vs Montreal
1067,Thurs. October 18 vs Pittsburgh,Sat. October 27 vs Winnipeg,Thurs. November 1 vs Dallas
1068,Sat. October 27 vs Winnipeg,Sat. October 20 vs St. Louis,
1069,Wed. October 3 vs Montreal,Thurs. November 1 vs Dallas,Sat. October 20 vs St. Louis
1070,Thurs. October 18 vs Pittsburgh,Mon. October 29 vs Calgary,Sat. October 20 vs St. Louis
1071,Wed. October 3 vs Montreal,Sat. October 20 vs St. Louis,Sat. October 27 vs Winnipeg
1072,Sat. October 27 vs Winnipeg,Thurs. October 18 vs Pittsburgh,
1073,Wed. October 3 vs Montreal,Sat. October 6 vs Ottawa,Sat. October 27 vs Winnipeg
1074,Wed. October 3 vs Montreal,Thurs. October 18 vs Pittsburgh,Sat. October 27 vs Winnipeg
1075,Sat. October 27 vs Winnipeg,Sat. October 6 vs Ottawa,
1076,Thurs. October 18 vs Pittsburgh,Sat. October 6 vs Ottawa,Mon. October 15 vs Los Angeles
1077,Sat. October 20 vs St. Louis,Wed. October 3 vs Montreal,Sat. October 6 vs Ottawa
1078,Sat. October 6 vs Ottawa,Sat. October 27 vs Winnipeg,Sat. October 20 vs St. Louis
1079,Sat. October 27 vs Winnipeg,Sat. October 20 vs St. Louis,Sat. October 6 vs Ottawa
1080,Thurs. October 18 vs Pittsburgh,Thurs. November 1 vs Dallas,Sat. October 27 vs Winnipeg
1081,Sat. October 20 vs St. Louis,Sat. October 27 vs Winnipeg,
1082,Thurs. October 18 vs Pittsburgh,Sat. October 20 vs St. Louis,Sat. October 27 vs Winnipeg
1083,Thurs. October 18 vs Pittsburgh,Mon. October 29 vs Calgary,Thurs. November 1 vs Dallas
1084,Wed. October 3 vs Montreal,Mon. October 29 vs Calgary,Mon. October 15 vs Los Angeles
1085,Wed. October 3 vs Montreal,,
1086,Wed. October 3 vs Montreal,Sat. October 6 vs Ottawa,Sat. October 20 vs St. Louis
1087,Wed. October 3 vs Montreal,,
1088,Sat. October 27 vs Winnipeg,Mon. October 29 vs Calgary,
1089,Thurs. October 18 vs Pittsburgh,Wed. October 3 vs Montreal,Sat. October 27 vs Winnipeg
1090,Mon. October 15 vs Los Angeles,Thurs. October 18 vs Pittsburgh,Sat. October 27 vs Winnipeg
1091,Thurs. October 18 vs Pittsburgh,Sat. October 20 vs St. Louis,Mon. October 15 vs Los Angeles
1092,Sat. October 6 vs Ottawa,Sat. October 27 vs Winnipeg,Wed. October 3 vs Montreal
1093,Wed. October 3 vs Montreal,Thurs. October 18 vs Pittsburgh,
1094,Wed. October 3 vs Montreal,Sat. October 27 vs Winnipeg,Thurs. October 18 vs Pittsburgh
1095,Wed. October 3 vs Montreal,Sat. October 27 vs Winnipeg,
1096,Sat. October 6 vs Ottawa,Sat. October 27 vs Winnipeg,Sat. October 20 vs St. Louis
1097,Sat. October 27 vs Winnipeg,Sat. October 20 vs St. Louis,Mon. October 29 vs Calgary
1098,Sat. October 20 vs St. Louis,Sat. October 27 vs Winnipeg,Thurs. November 1 vs Dallas
1099,Thurs. October 18 vs Pittsburgh,Wed. October 3 vs Montreal,Mon. October 15 vs Los Angeles
1100,Wed. October 3 vs Montreal,Sat. October 6 vs Ottawa,Mon. October 29 vs Calgary
1101,Thurs. November 1 vs Dallas,Sat. October 27 vs Winnipeg,
1102,Thurs. November 1 vs Dallas,,
1103,Sat. October 27 vs Winnipeg,Mon. October 29 vs Calgary,
1104,Sat. October 20 vs St. Louis,Sat. October 27 vs Winnipeg,Mon. October 15 vs Los Angeles
1105,Mon. October 15 vs Los Angeles,Sat. October 27 vs Winnipeg,
1106,Sat. October 20 vs St. Louis,Thurs. October 18 vs Pittsburgh,Mon. October 15 vs Los Angeles
1107,Wed. October 3 vs Montreal,Sat. October 20 vs St. Louis,Sat. October 27 vs Winnipeg
1108,Thurs. November 1 vs Dallas,Thurs. October 18 vs Pittsburgh,Sat. October 27 vs Winnipeg
1109,Wed. October 3 vs Montreal,Thurs. October 18 vs Pittsburgh,Mon. October 29 vs Calgary
1110,Sat. October 20 vs St. Louis,,
1111,Sat. October 6 vs Ottawa,Sat. October 20 vs St. Louis,Thurs. November 1 vs Dallas
1112,Sat. October 27 vs Winnipeg,Wed. October 3 vs Montreal,Thurs. October 18 vs Pittsburgh
1113,Wed. October 3 vs Montreal,Mon. October 15 vs Los Angeles,Mon. October 29 vs Calgary
1114,Wed. October 3 vs Montreal,Sat. October 27 vs Winnipeg,Sat. October 20 vs St. Louis
1115,Sat. October 20 vs St. Louis,Sat. October 27 vs Winnipeg,
1116,Sat. October 6 vs Ottawa,Sat. October 27 vs Winnipeg,Sat. October 20 vs St. Louis
1117,Wed. October 3 vs Montreal,Thurs. October 18 vs Pittsburgh,Sat. October 27 vs Winnipeg
1118,Thurs. October 18 vs Pittsburgh,Mon. October 29 vs Calgary,
1119,Sat. October 27 vs Winnipeg,Mon. October 15 vs Los Angeles,
1120,Wed. October 3 vs Montreal,,
1121,Sat. October 27 vs Winnipeg,Sat. October 20 vs St. Louis,Thurs. October 18 vs Pittsburgh
1122,Wed. October 3 vs Montreal,Sat. October 20 vs St. Louis,Thurs. October 18 vs Pittsburgh
1123,Sat. October 27 vs Winnipeg,Mon. October 15 vs Los Angeles,Mon. October 29 vs Calgary
1124,Wed. October 3 vs Montreal,Thurs. October 18 vs Pittsburgh,Thurs. November 1 vs Dallas
1125,Mon. October 29 vs Calgary,Thurs. October 18 vs Pittsburgh,Thurs. November 1 vs Dallas
1126,Sat. October 27 vs Winnipeg,Sat. October 20 vs St. Louis,Thurs. November 1 vs Dallas
1127,Wed. October 3 vs Montreal,Thurs. October 18 vs Pittsburgh,Sat. October 20 vs St. Louis
1128,Sat. October 27 vs Winnipeg,Sat. October 20 vs St. Louis,
1129,Sat. October 27 vs Winnipeg,Wed. October 3 vs Montreal,
1130,Thurs. October 18 vs Pittsburgh,Thurs. November 1 vs Dallas,
1131,Wed. October 3 vs Montreal,Sat. October 6 vs Ottawa,Sat. October 27 vs Winnipeg
1132,Thurs. November 1 vs Dallas,Thurs. October 18 vs Pittsburgh,
1133,Sat. October 27 vs Winnipeg,Sat. October 20 vs St. Louis,Thurs. October 18 vs Pittsburgh
1134,Sat. October 6 vs Ottawa,,
1135,Wed. October 3 vs Montreal,Sat. October 27 vs Winnipeg,
1136,Wed. October 3 vs Montreal,Thurs. October 18 vs Pittsburgh,Thurs. October 18 vs Pittsburgh
1137,Mon. October 29 vs Calgary,Thurs. October 18 vs Pittsburgh,Wed. October 3 vs Montreal
1138,Thurs. November 1 vs Dallas,Thurs. October 18 vs Pittsburgh,
1139,Wed. October 3 vs Montreal,Sat. October 27 vs Winnipeg,Thurs. October 18 vs Pittsburgh
1140,Wed. October 3 vs Montreal,Sat. October 6 vs Ottawa,Thurs. October 18 vs Pittsburgh
1141,Sat. October 6 vs Ottawa,Thurs. October 18 vs Pittsburgh,Thurs. November 1 vs Dallas
1142,Thurs. October 18 vs Pittsburgh,Mon. October 29 vs Calgary,